file,energy_0,homogenity_0,entropy_0,contras_0,correlation_0,energy_45,homogenity_45,entropy_45,contras_45,correlation_45,energy_90,homogenity_90,entropy_90,contras_90,correlation_90,energy_135,homogenity_135,entropy_135,contras_135,correlation_135
Data Latih\Keluak (1).jpg,13.609331890537488,666.1885457677125,7.471594485052093,665.1885457677153,0.9589170436955555,12.772522805878234,1193.601153202312,7.686027633877462,1192.601153202305,0.9264328012499017,13.552093182309932,1084.870017224409,7.625064508870622,1083.8700172244153,0.9331652542337721,12.652337604754353,1201.4640089280217,7.702786296197677,1200.4640089280222,0.9260781062016281
Data Latih\Keluak (10).jpg,0.12305440553456394,193.35568405511708,8.253577961219086,192.3556840551169,0.9832945980203469,0.08843811431735651,397.0355260710509,8.5666072459568,396.03552607105246,0.9654259004339409,0.0923399096552988,313.87389271653376,8.506096300564385,312.87389271653535,0.9728783745306084,0.08945967870165687,333.3183706367401,8.529648975090467,332.3183706367435,0.9709727667538116
Data Latih\Keluak (100).jpg,0.07024102427066369,362.4133243110259,8.764427160341942,361.41332431102927,0.9722507007837733,0.05498341209279954,681.2102424204796,9.002082059057253,680.210242420485,0.9473598078031834,0.05899971760834573,686.593319389755,8.968529885481503,685.5933193897596,0.9474981085263646,0.05363923679612074,787.3635687271368,9.032346643957423,786.3635687271441,0.9391157244320781
Data Latih\Keluak (101).jpg,0.08324327220024855,248.59338090551114,8.558747513131651,247.59338090551356,0.9777912296257499,0.06188418849600381,481.6370512741038,8.842498168879857,480.63705127410475,0.9565880536000011,0.06718922483209067,446.66141732283165,8.78732234413083,445.66141732283563,0.9601523688574067,0.06299456116747915,486.0370760741515,8.829115541339851,485.0370760741541,0.9561673464916581
Data Latih\Keluak (102).jpg,0.10372002787436783,288.714259350392,8.43639673142232,287.71425935039304,0.9733799729571422,0.08467179225848946,476.785355570711,8.626985884395904,475.7853555707123,0.9557455012224265,0.08882103176772085,489.93091781495764,8.62003450319597,488.9309178149603,0.9548573214468508,0.07961679671849861,591.9700539401055,8.700212682491513,590.9700539401134,0.9449715161412664
Data Latih\Keluak (103).jpg,0.15139435796252662,142.1351500984241,7.8935124219483335,141.13515009842502,0.9837598625654418,0.1134937851755112,323.01488002975833,8.228090936722879,322.0148800297592,0.9625885936816321,0.11952279763593093,265.6798105314965,8.172470685510211,264.6798105314973,0.969527448232894,0.10791880967545557,309.18296236592556,8.255166456957928,308.18296236592437,0.9641727202187166
Data Latih\Keluak (104).jpg,0.10507916035484803,192.78143454724378,8.265857628862335,191.7814345472454,0.9821257660410794,0.08489434921780735,303.32314464629053,8.449908162524036,302.3231446462899,0.9715803317552528,0.09178962449826046,241.63656496063004,8.37559933987947,240.63656496063166,0.9776378617252486,0.08468335121372329,286.9222518445053,8.458073844726258,285.92225184450365,0.9730803588119878
Data Latih\Keluak (105).jpg,0.12749636400050304,138.28813976377842,7.958554994381585,137.2881397637801,0.9861650483225675,0.10920870747497173,228.1168082336154,8.123534502976584,227.11680823361536,0.976953103668389,0.11889674170045143,172.15415846456702,8.053506000646788,171.15415846456784,0.9827727083987744,0.11069887847553117,202.87196974393873,8.106524514009344,201.8719697439389,0.9794978735353417
Data Latih\Keluak (106).jpg,0.0888839968608186,198.91738435039434,8.224672953316503,197.91738435039562,0.9790886791692724,0.07095484623190784,351.5994171988355,8.44162557212237,350.5994171988344,0.9625530507502058,0.0740198720400061,278.68005659448795,8.39900811354496,277.6800565944896,0.9707286198410469,0.07442892125610183,309.46072292144777,8.397864164598436,308.460722921443,0.9670360709768799
Data Latih\Keluak (107).jpg,0.09788383102280175,224.3877952755901,8.222585556696732,223.3877952755917,0.9749518268864034,0.08195922052544392,318.3653047306094,8.364288439838269,317.3653047306093,0.9640834895831087,0.08184920032076383,278.80450295275466,8.388755258238849,277.80450295275637,0.9690646227048246,0.07459439458624996,356.58652117304314,8.479227806803351,355.5865211730417,0.9596966079605206
Data Latih\Keluak (108).jpg,0.07847895395561495,228.5409079724395,8.431586515937893,227.54090797244055,0.9784318446667879,0.06726636740542431,370.5173910347843,8.589344665066104,369.51739103478343,0.9647806994174686,0.07001363245884591,342.0551796259835,8.55353485026549,341.05517962598555,0.9677545829145887,0.06531970035822626,374.16107632215136,8.61039086622653,373.1610763221536,0.9643872300713188
Data Latih\Keluak (109).jpg,0.11487369654503483,264.5257135826774,8.463864736417952,263.52571358267875,0.9795465464644786,0.09131403556287358,489.2628805257627,8.68154584945683,488.2628805257642,0.9618314440447431,0.10008466135042951,467.794475885827,8.639855944205099,466.79447588583025,0.963813827298542,0.09594034458621177,507.3193626387217,8.673140425597031,506.31936263872365,0.9603459974210786
Data Latih\Keluak (11).jpg,0.07328513424086237,537.7685777558968,8.817419464314968,536.7685777558986,0.9499694715095495,0.0630921453421934,887.0151900303755,9.003830773156674,886.0151900303774,0.9172254224688194,0.06447574876309106,856.4591535433048,8.975028958747036,855.4591535433088,0.9204263344741738,0.06208106743188062,896.8572137144272,9.012988684874703,895.8572137144296,0.9163045315979831
Data Latih\Keluak (110).jpg,0.09531068207740011,155.1431471456695,8.222163637146208,154.14314714566981,0.9843275800870303,0.06840241233402246,319.10478020956145,8.554868627914743,318.1047802095605,0.9674298505701439,0.07417738883409128,274.4703494094481,8.506341769073083,273.4703494094487,0.9722778623806206,0.06797743337012169,315.5828011656054,8.571193761877122,314.58280116560127,0.9677578229940726
Data Latih\Keluak (111).jpg,0.08856782801593964,196.10494586614155,8.436881827959237,195.10494586614217,0.9819471916923845,0.06689376122915988,413.3770227540444,8.726243488457103,412.3770227540465,0.9615190729640312,0.07101787250518493,382.434793307087,8.703007044376085,381.4347933070893,0.9647518300916084,0.06738275650287769,423.8635377270773,8.74226747135652,422.86353772707525,0.9605088209871511
Data Latih\Keluak (112).jpg,0.12125908303313518,237.91535433070837,8.419077329267415,236.91535433070996,0.9817901850862842,0.09361772706999297,412.25426250852166,8.627988143386084,411.2542625085255,0.9682041080572689,0.10187761305661687,420.3578371062965,8.61323262234439,419.35783710629784,0.9678008251986541,0.09883074239416864,498.0544361088718,8.66618480346733,497.0544361088748,0.9615163296198957
Data Latih\Keluak (113).jpg,0.08685859199178736,209.1984498031484,8.465957847272634,208.1984498031501,0.9828710153160002,0.06787719105797396,425.13038626077434,8.737733857354423,424.1303862607734,0.9648965730415836,0.07400224150997804,363.2163508858225,8.666183566034462,362.21635088582616,0.9702792247843437,0.07024572918219422,373.0920081840152,8.698302467967197,372.0920081840146,0.9691649296199881
Data Latih\Keluak (114).jpg,0.11858477330188395,286.39031742125934,8.520020575881412,285.3903174212606,0.9802712091335214,0.09503328573212125,439.6625333250651,8.680842612958331,438.66253332506744,0.96950447423988,0.1058049674687713,443.58704478346175,8.641079919080832,442.5870447834648,0.9694663998725729,0.0961818775265534,529.479012958024,8.718826235299622,528.4790129580288,0.9632029879375515
Data Latih\Keluak (115).jpg,0.093617861858407,221.63521161417265,8.371906731178862,220.63521161417404,0.9796968758085418,0.07728001208392624,380.4514229028467,8.567857269970151,379.4514229028478,0.9647989455168013,0.08246513355859746,338.46167568897823,8.523794324387888,337.46167568897965,0.9689915499101607,0.07826285954520042,380.046500092999,8.562833547401029,379.0465000929986,0.9648158384351101
Data Latih\Keluak (116).jpg,0.07548426736361115,207.932394192913,8.47199099229957,206.93239419291442,0.979849637881725,0.056955484237258706,362.12077624155324,8.72560724717536,361.12077624155046,0.9645447327184383,0.06178068654940369,345.87623031495735,8.689450381224257,344.8762303149608,0.9664696530805198,0.05860633123663614,400.32345464690803,8.73777875875541,399.3234546469103,0.9607666257090488
Data Latih\Keluak (117).jpg,0.08880361315533962,185.03567913385677,8.306103180048769,184.035679133858,0.9829235951032506,0.06651813365737004,344.49172298344706,8.599984967934946,343.49172298344376,0.9678361416943806,0.0735313599547066,274.7937376968492,8.521495641025131,273.7937376968524,0.974660683295706,0.06858338473427356,318.631471262942,8.566839903138447,317.63147126294103,0.9702336842752783
Data Latih\Keluak (118).jpg,0.08732345101505384,219.616941437007,8.461897466897021,218.61694143700885,0.9837997634672269,0.06951314441982863,418.703081406161,8.708512817682756,417.7030814061645,0.9688703797187862,0.07600954850313331,366.58427657480263,8.653164418203051,365.5842765748055,0.9729570642789556,0.07320212296771775,400.0446400892817,8.686448049231359,399.04464008928085,0.9702416786865223
Data Latih\Keluak (119).jpg,0.07797216424580036,308.67408956692856,8.588862892779499,307.67408956693146,0.9758567902784318,0.06319287584274584,519.7404674809366,8.769032960127939,518.7404674809371,0.9590678816439205,0.06704674639783231,511.05155019684776,8.750133215259515,510.05155019685037,0.9600598991822675,0.0637417858624114,550.7859135718305,8.777566597301199,549.7859135718293,0.9565678359312852
Data Latih\Keluak (12).jpg,0.14682010998208164,234.8877952755904,8.015992539627092,233.88779527559106,0.9803325852081354,0.11808399697249626,423.2963605927231,8.224638136755377,422.2963605927202,0.9641947623081458,0.12142583891766527,293.43393208661337,8.167455940726807,292.43393208661547,0.9754696205117195,0.11568122212500512,327.5432450864909,8.207972905192628,326.54324508648943,0.9723007066707576
Data Latih\Keluak (120).jpg,0.08736141398176937,293.7375738188979,8.52860613552549,292.73757381890044,0.9745451085029257,0.07125946522897364,422.5997891995807,8.68963377565344,421.59978919957814,0.9630414606167851,0.0765113393015247,404.7315452755894,8.676918804057182,403.7315452755927,0.9650237681083119,0.06903507191539948,519.9104098208207,8.766220492733684,518.9104098208207,0.9544590942725515
Data Latih\Keluak (121).jpg,0.09310820562674284,237.03518700787373,8.235518889143682,236.03518700787424,0.9727979915399793,0.0768862311494329,334.02046004092074,8.41320586729644,333.0204600409178,0.961353358363094,0.08058866862476793,276.44666584645694,8.387066096858467,275.4466658464576,0.9685053544295371,0.07570882653782969,347.4376588753206,8.451500490520012,346.4376588753183,0.9597656327567649
Data Latih\Keluak (122).jpg,0.09493225578340571,133.2570127952747,8.249243088452802,132.25701279527536,0.9863964206029538,0.07343113402887771,223.3372186744357,8.488765331670805,222.33721867443666,0.9769888591214245,0.07857966253128514,184.76544045275477,8.445405854920605,183.7654404527575,0.9811567831370938,0.06978442427400741,231.17130634261244,8.55102994939205,230.1713063426113,0.9761715414798915
Data Latih\Keluak (123).jpg,0.08235749992091307,178.2900467519677,8.371199360846505,177.2900467519693,0.9823143282181953,0.0652418398276435,282.25407650815225,8.575741852861096,281.25407650815214,0.971811102634721,0.0724783587634207,244.1170029527573,8.51723275717661,243.11700295275782,0.9758580734566582,0.06527820421241262,303.0076880153763,8.6063492654193,302.0076880153767,0.9697095140939523
Data Latih\Keluak (124).jpg,0.07401671602759713,224.85672982283288,8.550152305700275,223.85672982283452,0.9784093924641842,0.06298616199485263,346.74995349990735,8.712795205429224,345.749953499907,0.9663898345612937,0.06577518190501126,292.92698080708374,8.677038010998103,291.92698080708647,0.971894642022044,0.06217228783933621,327.8410936821884,8.714389084582342,326.84109368218856,0.968201795863469
Data Latih\Keluak (125).jpg,0.08837531694795675,346.1722440944877,8.702851267293147,345.17224409448875,0.9703384436080107,0.06636720415813317,594.8814557629115,8.917404408390459,593.8814557629175,0.9487144657517473,0.07188002956285966,553.030696358255,8.865012801901182,552.0306963582578,0.9526827656958604,0.06616246805520468,595.8095356190677,8.909169294341506,594.8095356190748,0.9486115684816663
Data Latih\Keluak (126).jpg,0.14605019249270915,281.9254429133842,8.461640501582849,280.92544291338703,0.9777639767183665,0.11744764713432956,412.1107322214624,8.612747561259752,411.11073222146416,0.967257628526904,0.12357666121540317,378.069943405509,8.594273130737983,377.0699434055123,0.9702397847859623,0.11175948844462284,452.2788765577481,8.683652097426767,451.2788765577533,0.9640288150376427
Data Latih\Keluak (127).jpg,0.10789859177500719,251.69186761810778,8.506991016284767,250.69186761810988,0.9802434416679617,0.08627268435614403,373.05468410937044,8.68276400657728,372.0546841093676,0.9704844556763416,0.08925333921186027,323.318282480315,8.651762850866811,322.31828248031866,0.9746687730891346,0.08091148223882684,382.1979663959311,8.73869039848357,381.19796639593494,0.9697346387705835
Data Latih\Keluak (128).jpg,0.05811788845213078,402.19924950787185,8.832020089253703,401.19924950787595,0.9618358374989112,0.04285246836917281,643.0595201190418,9.042526708686236,642.0595201190453,0.938517271665095,0.044793802966147094,639.6937746062939,9.019647771194016,638.6937746063003,0.9393277739930279,0.041927290748467794,703.3186806373598,9.067786016642012,702.318680637366,0.9327078528461118
Data Latih\Keluak (129).jpg,0.0724082737223304,371.5307578740155,8.798932172171202,370.53075787401707,0.9686250036054737,0.05511573847807317,617.2038564077134,9.011131101737899,616.2038564077152,0.9475129592182228,0.06074012587437324,533.948449803145,8.9452341944455,532.948449803147,0.955055703952131,0.05681553132533838,556.9775559551057,8.96961419425668,555.9775559551081,0.9526117291434685
Data Latih\Keluak (13).jpg,0.19115702531886855,646.915846456686,8.572996036176148,645.9158464566938,0.9613171497855393,0.13924371019317838,1150.1488622977208,8.847156305735565,1149.148862297718,0.9309793010847012,0.1475593850230721,991.3705093503839,8.786331588477276,990.3705093503918,0.9409354329306504,0.14249493803599284,1021.8369396738791,8.810905069655417,1020.8369396738817,0.9386246292065897
Data Latih\Keluak (130).jpg,0.07168925354675945,304.24950787401536,8.670786809264394,303.24950787401735,0.9713938312772233,0.05239054299753918,526.709157418319,8.917856110476315,525.7091574183167,0.9500329359784978,0.05712747015052801,512.090674212593,8.868214876939133,511.09067421259556,0.9519460999728123,0.05229503266949464,560.4702089404136,8.924393925245944,559.470208940421,0.9468171984501806
Data Latih\Keluak (131).jpg,0.08778886063822562,285.3609128937019,8.485466670724996,284.36091289370296,0.9728127128136848,0.0690479128505255,445.5287990575985,8.675388219208427,444.5287990575951,0.9570125639287624,0.070065087946925,407.60623769684827,8.676952337153924,406.60623769685026,0.961173994637082,0.06390746869267976,487.44764089528087,8.744199730777593,486.4476408952851,0.9528976703257622
Data Latih\Keluak (132).jpg,0.06521955915201665,304.49575541338584,8.652092564773952,303.49575541338726,0.975287497101745,0.05168943303283127,507.11054622109054,8.865096612955012,506.11054622109043,0.9582897716895262,0.0552411341637842,444.217950295273,8.797084871216606,443.21795029527664,0.9639860014902398,0.050839313656427354,522.75466550933,8.875867110269901,521.754665509333,0.9570010755258735
Data Latih\Keluak (133).jpg,0.31029657371904984,489.94740403543136,8.738571310143273,488.9474040354332,0.9638538402262787,0.2598652800988748,626.0247380494731,8.86016418471946,625.0247380494777,0.9533514269382336,0.2744532364061356,538.0773252952638,8.808808008741995,537.0773252952674,0.9605077653045999,0.25458870782468085,599.7741335482616,8.856399937213443,598.7741335482641,0.9552681167323871
Data Latih\Keluak (134).jpg,0.07299481517847718,486.5973794291284,8.835199878188487,485.59737942913455,0.9620168903073054,0.058705057083269535,677.1494202988381,8.990144036873879,676.1494202988454,0.9466879932828806,0.06390566473699691,641.3575910432983,8.936038406853218,640.357591043303,0.9500380237951288,0.05854972618798973,667.8177816355608,9.012004951352365,666.8177816355654,0.947415169366605
Data Latih\Keluak (135).jpg,0.06110183363069647,467.9695497047223,8.793548872521123,466.9695497047265,0.9533511648917145,0.050105986998928306,631.3868807737571,8.920618805126127,630.3868807737601,0.936450378462891,0.05375486434538193,580.4384227362074,8.867834857165409,579.4384227362124,0.9423868396472234,0.050372192751818284,644.1298902597745,8.931291270767208,643.1298902597806,0.9351446350785148
Data Latih\Keluak (136).jpg,0.08451344411198451,365.34295029527533,8.636927498225724,364.3429502952783,0.9718747593538541,0.07290691219698979,533.1231322462637,8.754120378504266,532.1231322462671,0.9587023004006928,0.08037023776655262,465.6582185039381,8.696770647845295,464.6582185039418,0.964231422861461,0.07301702017353773,509.8565937131886,8.759365064623458,508.8565937131886,0.9604959552825357
Data Latih\Keluak (137).jpg,0.06522896663938829,372.6644315944856,8.761280897178718,371.6644315944889,0.9676837369071785,0.052471913114907835,590.0111600223239,8.952418661278903,589.0111600223273,0.9483766351592622,0.05531518313968838,522.0593626968455,8.9163650364026,521.0593626968482,0.9547697995082034,0.050608449781009694,570.9978919957821,8.960214562485309,569.9978919957847,0.9500485927152347
Data Latih\Keluak (138).jpg,0.06302033709964797,483.89179379921177,8.897942134904751,482.8917937992159,0.967186350043007,0.05162370229143896,849.8216256432555,9.093301300177444,848.8216256432605,0.9417736912029829,0.05765616652038384,772.6046998031467,9.028527711176173,771.6046998031544,0.9476049986332467,0.0525296944315085,796.2745365490742,9.074002066567529,795.2745365490791,0.9454519004277522
Data Latih\Keluak (139).jpg,0.06076619892612466,321.4146776574796,8.718855690442577,320.4146776574827,0.9721050444539191,0.051302152327552905,455.2351664703332,8.855287148917705,454.23516647033165,0.9600867561061854,0.05194282898288053,433.98609744094443,8.852966737776637,432.9860974409485,0.9623251599638978,0.048423938126617536,538.9409138818238,8.914072791659217,537.9409138818298,0.9527038079099338
Data Latih\Keluak (14).jpg,0.0917608646733988,801.2320374015757,9.17546894523314,800.2320374015811,0.9486902835021351,0.07969893179631418,1770.7606795213815,9.373563953224442,1769.7606795213292,0.8859415238190163,0.08386279284708538,1685.3847810039597,9.344299962650922,1684.3847810039501,0.892318062280625,0.07880904223676775,1689.0181040362327,9.372352062357237,1688.0181040361495,0.8911565889318696
Data Latih\Keluak (140).jpg,0.1118105786011266,434.8200049212555,8.664640759998615,433.82000492125803,0.9672991199839918,0.09011474120628855,557.0936201872395,8.78912089491402,556.0936201872452,0.9578743490910887,0.1030667447072287,491.7794045275561,8.702447621425074,490.7794045275568,0.9631182635846014,0.09259849023728595,532.4424328848664,8.761573862824148,531.4424328848635,0.9597399365763629
Data Latih\Keluak (141).jpg,0.04743123011679792,544.4382997047186,8.948059399681208,543.4382997047228,0.9437373644737903,0.041415229459891366,677.3043586087138,9.026343985211883,676.3043586087219,0.9294944304507712,0.044695149204142116,646.8784448818785,8.991496225562104,645.8784448818841,0.933607856363012,0.039703566293237694,730.0686961373949,9.06500657598286,729.0686961373916,0.9240109150134139
Data Latih\Keluak (142).jpg,0.06436256183017372,457.43430118110064,8.734501067557671,456.434301181104,0.9536033561135241,0.04978985517453579,687.7304854609707,8.92001778943151,686.7304854609727,0.9295036277998908,0.05424229036893794,634.1558193897527,8.857744559778633,633.1558193897555,0.9358061415497834,0.051276328232441645,646.1834583669172,8.885917862960127,645.1834583669205,0.9337830771568464
Data Latih\Keluak (143).jpg,0.07945457419309905,375.8733390748045,8.64661180317773,374.8733390748057,0.9671773108040941,0.06171314903187141,611.597247194498,8.843192357734383,610.5972471944951,0.946135504911021,0.06678252309104771,578.8615895669209,8.785892133255626,577.8615895669209,0.949547647110464,0.062358117151741624,639.6530473060951,8.834748492111814,638.6530473060969,0.9436644778272857
Data Latih\Keluak (144).jpg,0.07113972711981167,332.64831446849973,8.685197789531877,331.648314468503,0.9719993455479093,0.05406452712613717,499.6461032922047,8.886826811439821,498.6461032922068,0.9575006350633342,0.05780292487149286,429.66756889763656,8.830373248176143,428.6675688976381,0.9639014936604232,0.05357973143874791,504.0321160642351,8.891363526873242,503.0321160642334,0.9571078678933411
Data Latih\Keluak (145).jpg,0.06575038980167916,319.44279035432726,8.661319387827305,318.44279035432993,0.9681352790952489,0.06178288331502513,347.82311364622825,8.695501880579268,346.82311364622944,0.964948833136441,0.0850909962329285,158.4199064960639,8.398309081433696,157.4199064960641,0.9842601486574358,0.06297744568916748,368.0192200384433,8.713336759587179,367.01922003843805,0.9629567308592667
Data Latih\Keluak (146).jpg,0.0837947266725733,148.57111220472422,8.348725802990147,147.57111220472518,0.9860192501425065,0.06038106893086507,346.0822121644238,8.674847413322397,345.0822121644259,0.9670191826442155,0.06333187031746411,310.6205708661389,8.634537479220722,309.62057086614027,0.9706899531907908,0.058446452872294746,358.2507905015824,8.700447277681885,357.2507905015797,0.965838063160245
Data Latih\Keluak (147).jpg,0.10118127719123628,395.38348917323106,8.61227169467786,394.38348917323384,0.968031678225368,0.07689695787271306,616.5585591171207,8.809630370711828,615.5585591171226,0.9497160346462786,0.08728411627925337,567.1046382873932,8.747354680724047,566.1046382873963,0.9542557307373346,0.07819655412326165,615.1634943269854,8.819611538090818,614.163494326989,0.9497802256375721
Data Latih\Keluak (148).jpg,0.060220390459967986,411.5170398622016,8.851047437313479,410.51703986220645,0.9651869617953363,0.04900147837273711,596.854609709215,9.00019502501965,595.8546097092238,0.9491045379465755,0.05567753420598743,563.183870570859,8.937393877625505,562.1838705708643,0.9525186352685411,0.048711193707610886,671.1943703887396,9.02603145999809,670.1943703887418,0.9427355218140648
Data Latih\Keluak (149).jpg,0.06365222825725375,391.85556102362204,8.807151244390365,390.8555610236246,0.9680750050899047,0.04954241782690339,554.4878789757615,8.981635107074263,553.4878789757599,0.9544699857904189,0.053200289810755856,470.0500123031455,8.909909099099261,469.05001230314986,0.961780095058439,0.05019838367475507,513.4034348068735,8.957768152964489,512.4034348068698,0.9578361067948533
Data Latih\Keluak (15).jpg,0.07060224954135852,924.6887303149521,9.206250783806972,923.6887303149584,0.933457930120597,0.0592519067121882,1638.353710707449,9.367566391462173,1637.3537107073862,0.881273011375066,0.06538012410694916,1732.2328986220605,9.348570366420327,1731.2328986220568,0.8756917023405723,0.06000112260703092,1917.4919709839764,9.385044188121928,1916.491970983892,0.8610948793495936
Data Latih\Keluak (150).jpg,0.07027954729707715,306.64173228346567,8.673524119019282,305.6417322834677,0.9764334465954913,0.05970980005638599,457.59036518073077,8.82867638564558,456.590365180733,0.9645726551416196,0.06251326736016867,419.4878813976366,8.788116625835846,418.4878813976397,0.9677941098276601,0.059450117597664706,463.3589187178421,8.833191003183058,462.3589187178388,0.9641165612826588
Data Latih\Keluak (151).jpg,0.063358630196729,338.7908464566917,8.78081273715973,337.79084645669366,0.9684721073666975,0.053154625621547706,453.2568045136106,8.9028551611851,452.25680451360995,0.9573965486516584,0.057671865221241514,401.54902805117666,8.853662984376571,400.549028051181,0.9627669555741953,0.05148080678623997,460.3270506541013,8.930774864520037,459.3270506541005,0.9567156689917944
Data Latih\Keluak (152).jpg,0.08289954690411232,290.518024114174,8.507567479500356,289.5180241141749,0.9696859059302297,0.06441062916305902,456.6692293384608,8.70302139551045,455.66922933845984,0.9518364386560637,0.06713534179144855,429.442052165353,8.675734320534136,428.4420521653543,0.9552247587173642,0.062423696055227275,490.7549135098292,8.741275085520735,489.7549135098283,0.9481972772442308
Data Latih\Keluak (153).jpg,0.06646553118686728,384.8144685039355,8.715371512557494,383.8144685039385,0.9650823582706907,0.05260260194943383,582.2600285200534,8.889889014913898,581.2600285200592,0.9465962488767904,0.05662960544631221,543.2366510826698,8.858737182671394,542.236651082672,0.9507665597300745,0.05197929485622995,626.5248310496571,8.918551415792171,625.5248310496637,0.9425034217276327
Data Latih\Keluak (154).jpg,0.044480739046464504,428.52817421259334,8.96414573840386,427.52817421259687,0.9640997676393012,0.03545051885140218,703.9739599479182,9.157499089676435,702.9739599479237,0.9405376361453771,0.039012181661656514,622.5292814960565,9.089089580383963,621.529281496062,0.9479229775701619,0.03585866102795654,629.3395746791509,9.13664166045518,628.3395746791556,0.9468278645832959
Data Latih\Keluak (155).jpg,0.09084612822485187,423.6637549212582,8.662913051051719,422.663754921262,0.959790169983927,0.076145547045506,547.8247876495677,8.790928587323533,546.8247876495769,0.9477395243689236,0.08936036548772476,500.5461368110188,8.701291567674899,499.546136811022,0.952775396680127,0.07671070187407056,545.9568479136957,8.79403661786995,544.9568479136983,0.9479022990391242
Data Latih\Keluak (156).jpg,0.06491735395537321,392.64671505905613,8.765525476025502,391.64671505905875,0.9614137367297607,0.05450990627904752,531.1928823857653,8.901524077587052,530.1928823857694,0.9475402082164696,0.06336931863276841,487.9345472440894,8.81192086685049,486.9345472440942,0.9523528077269318,0.05316382819479029,528.0915741831407,8.905880714731499,527.0915741831457,0.9478233142470424
Data Latih\Keluak (157).jpg,0.09884708831915617,411.4576771653527,8.817653544726207,410.4576771653555,0.9728316857087508,0.08347602286228005,631.4935209870448,8.968308421902837,630.4935209870481,0.9580544449859341,0.09370737491377633,565.0813238188941,8.901493217348817,564.0813238188972,0.9629265548085312,0.08350357676434393,657.2202244404452,8.986433436857272,656.2202244404529,0.9563353877752431
Data Latih\Keluak (158).jpg,0.06998570515881701,399.88804133858287,8.822526845246955,398.88804133858497,0.970624765863921,0.05902005107864071,617.6638353276641,8.980742457422558,616.66383532767,0.9543176203686966,0.0621969017368073,561.4621678149589,8.947910539433366,560.4621678149599,0.9588660720640113,0.0547796216168059,652.7620435240846,9.021037220716511,651.762043524088,0.9516889003538662
Data Latih\Keluak (159).jpg,0.07046589013769493,403.8235113188965,8.696694009535527,402.8235113188991,0.9518059528756196,0.05802579650237554,503.0729121458249,8.81266546669195,502.07291214582517,0.9396301684208245,0.06341150475220182,484.51365649606123,8.78164728219162,483.5136564960632,0.9426122931144709,0.05712604896542731,570.6407712815369,8.862662618743833,569.6407712815446,0.931493036032052
Data Latih\Keluak (16).jpg,0.05671297866005191,357.2407726377935,8.819052643390274,356.24077263779543,0.9617756732271397,0.04310851054520391,704.606919213836,9.03661606238909,703.606919213842,0.9237860279741941,0.04566884329050421,722.9280265747892,9.009335188779136,721.9280265747936,0.922571069940006,0.04248295085899038,759.8420856841707,9.068723823516383,758.8420856841755,0.9177633396893154
Data Latih\Keluak (160).jpg,0.08209475055352669,419.1590797244073,8.708211444931788,418.15907972440965,0.9601773280517507,0.06898836712851811,521.2057164114295,8.830544359297491,520.205716411434,0.9503029514711643,0.07339645746120005,475.2731299212571,8.787891489438206,474.2731299212589,0.95513540100262,0.06545576120413318,552.2945005889974,8.864641306829766,551.2945005890032,0.9473190944577989
Data Latih\Keluak (161).jpg,0.05610750113066321,313.1856545275548,8.782788151103224,312.1856545275578,0.9690098029607858,0.046072436679000614,512.5658131316221,8.961029795218339,511.5658131316279,0.9489769867500428,0.050865881455459845,427.03334153542846,8.896343865594911,426.0333415354342,0.9579560146789496,0.04739767058994019,444.3271746543472,8.932403508141023,443.3271746543493,0.9557437684445677
Data Latih\Keluak (162).jpg,0.06206620347782079,421.9023745078754,8.793220999032405,420.9023745078788,0.9646250187382649,0.05236611043579759,570.3397606795213,8.934342155206712,569.339760679524,0.9519196614524867,0.061317059279284616,544.2838951771606,8.853657098201266,543.2838951771628,0.9546369480951834,0.0519918321126027,597.9754479508949,8.939166536044938,596.9754479509003,0.949572358651701
Data Latih\Keluak (163).jpg,0.04926881252661571,434.4464197834616,8.840009324435233,433.44641978346493,0.9573160505172899,0.040937206928541615,608.6105152210268,8.994747463461165,607.6105152210323,0.9399397842671677,0.0492486447006448,575.8123154527497,8.905216122498766,574.8123154527523,0.9437419266429061,0.04157550760373728,613.9327918655839,8.99429370556842,612.932791865587,0.9393896432159875
Data Latih\Keluak (164).jpg,0.05234071924418321,301.89530019685026,8.718135414363894,300.8953001968535,0.9659518264449181,0.04299864089797727,480.9504619009215,8.9012854853487,479.95046190092444,0.9454216671089357,0.046962397696369396,461.63551919290757,8.85779903004933,460.63551919291046,0.9481690576927237,0.04101175007436299,528.8488436976817,8.944124772039194,527.8488436976887,0.9399347442223536
Data Latih\Keluak (165).jpg,0.12351955026379681,283.5967027559041,8.370278435874605,282.5967027559062,0.9746728819862638,0.1023800697872252,412.6055552111088,8.51843924112619,411.6055552111096,0.9629187053617134,0.10749563638009399,371.3665723425181,8.479320067446986,370.366572342523,0.9668727127468246,0.09644272087939557,417.96955793911326,8.566109747566378,416.96955793911485,0.9624071936560112
Data Latih\Keluak (166).jpg,0.0688776194459096,222.7143823818895,8.43843313379149,221.71438238189063,0.9687359622242251,0.055792423569978725,369.956165912331,8.631390430831038,368.9561659123331,0.9476636079773045,0.05872468287984064,354.19715797243737,8.601394813098471,353.19715797243964,0.9504028595143825,0.05343955941817069,397.46332692665595,8.675846266686715,396.46332692665356,0.9436953360489846
Data Latih\Keluak (167).jpg,0.06335806635320398,244.4438361220463,8.501460384397403,243.4438361220472,0.9674497520597415,0.05186253865551313,396.1652923305845,8.699339963978169,395.1652923305848,0.9468709134072169,0.05481664485025839,388.09215059055055,8.67946854099614,387.0921505905522,0.9484274833633826,0.04960680700655253,432.5091450182894,8.743338454904706,431.50914501829175,0.9419230766157338
Data Latih\Keluak (168).jpg,0.05037096463332245,441.0740649606292,8.831156780146458,440.0740649606317,0.9573739733153208,0.03839411014393371,693.6962613925181,9.037785934721144,692.6962613925273,0.9326352139934715,0.04378270597331505,670.75418307086,8.975155173366586,669.7541830708656,0.9355176990164804,0.040211687466193115,732.0301940603874,9.023379683921323,731.0301940603921,0.9288664806183187
Data Latih\Keluak (169).jpg,0.07854976555858692,354.0743110236181,8.701285837349744,353.07431102362204,0.9722559414352226,0.06329200915551494,552.6383532767084,8.87104271731588,551.638353276703,0.9564893743113512,0.0723499839939824,556.9152312992057,8.817460667262521,555.9152312992086,0.9564880708754037,0.06269304044574882,634.8477896955746,8.910771490246688,633.84778969558,0.9499715592732896
Data Latih\Keluak (17).jpg,0.10575128877232634,543.1369340551165,8.815150493769567,542.1369340551197,0.953479077281302,0.08399438833648347,788.3250046500076,8.95748712466333,787.3250046500066,0.9319340689985128,0.08825568554389339,848.9076648621975,8.944177372719784,847.9076648622029,0.9273292661504559,0.08356824079186952,917.9898939797881,8.985732047002923,916.9898939797883,0.920759385175584
Data Latih\Keluak (170).jpg,0.15877377854395217,176.27602116141628,7.9634598245416415,175.27602116141705,0.976713305218409,0.13415958662853272,252.68107136214155,8.114622570757273,251.68107136214195,0.9663148508349328,0.13884720396154396,219.95749261810906,8.082877906740437,218.95749261810937,0.9709521778828754,0.1282204771620922,268.5427490854984,8.15636174805974,267.54274908549803,0.9641868254714298
Data Latih\Keluak (171).jpg,0.1676827978977566,114.48806594488097,7.902517625894795,113.48806594488148,0.9844807150314769,0.14189859094297463,187.88771777543593,8.092788954440984,186.88771777543582,0.9740916086371075,0.1409176160684318,158.8455339566927,8.08298980474925,157.84553395669408,0.9783401518493061,0.13330117763160093,196.17738235476563,8.13534980798585,195.17738235476352,0.9729350821687619
Data Latih\Keluak (172).jpg,0.11482950669800862,237.41369340550995,8.540187765567332,236.41369340551114,0.978696597726372,0.09612512063967651,379.95207390414953,8.743158613352392,378.9520739041463,0.9657035005589552,0.10247254594804894,352.697527066929,8.700735695384694,351.69752706693146,0.9683878991739997,0.09697927046639564,384.80835761671665,8.748717966875942,383.8083576167168,0.9652441835105142
Data Latih\Keluak (173).jpg,0.07476852240125909,230.42095226377901,8.473272257747084,229.42095226378018,0.9790250038952949,0.06306365542218245,320.96875193750634,8.61995909814767,319.9687519375048,0.9705902998894679,0.06716874670308673,311.43768454724557,8.579089174818016,310.43768454724614,0.9716919678749172,0.06015712428199249,357.9813379626761,8.662474276126002,356.9813379626769,0.9671885537343988
Data Latih\Keluak (174).jpg,0.09413944395561454,185.17175196850343,8.406986774422334,184.1717519685039,0.9829547783490962,0.07732595383327964,325.42029884059843,8.625531178730698,324.4202988405984,0.9698665162430861,0.08618908412110922,294.53001968503725,8.557506891879035,293.5300196850373,0.9729258057470099,0.0749595203075528,348.68082336164895,8.662887636167497,347.6808233616468,0.9676973501884789
Data Latih\Keluak (175).jpg,0.0660264746440598,209.12610728346326,8.54360832177451,208.1261072834637,0.9778428839653421,0.05272795721332712,359.9835079670153,8.752227380517587,358.98350796701794,0.9615932017475125,0.056739057386663815,333.31126968504003,8.717484130070469,332.3112696850417,0.964716667526998,0.05108092539917798,374.75392150784216,8.783253828126071,373.753921507844,0.9600071846966981
Data Latih\Keluak (176).jpg,0.0993244257000412,210.61281988188838,8.339798695328836,209.61281988188927,0.9772100410793328,0.078710604690461,303.05307210614455,8.5156954523902,302.05307210614404,0.9670575565957031,0.08455423008293532,261.269008366142,8.456695842012941,260.2690083661416,0.9717419801560855,0.07737519374860902,302.695517391037,8.534590994784264,301.6955173910352,0.9670843070976579
Data Latih\Keluak (177).jpg,0.07952893347225055,213.8214812992109,8.48038380975918,212.8214812992128,0.9791660385587818,0.06487055022557744,333.4027528055057,8.652012539027305,332.4027528055046,0.9673201438472592,0.07089939716957322,293.84430364173073,8.598479515103028,292.844303641733,0.9714276976507015,0.06361702449946058,339.8968937937875,8.674642553933674,338.896893793789,0.9666440431954364
Data Latih\Keluak (178).jpg,0.06272577596595831,245.44783464566896,8.637207062202618,244.44783464567033,0.9773661567424231,0.0505280406689784,337.83030566061416,8.813582203692922,336.8303056606125,0.9684600125828712,0.05411641884223951,298.9894192913386,8.754781617899884,297.9894192913412,0.9723627406093901,0.04916612908524947,368.4893049786139,8.835941849691931,367.4893049786105,0.9655863437620668
Data Latih\Keluak (179).jpg,0.0793115981376629,215.66830708661413,8.44230577682798,214.6683070866148,0.979989937471464,0.06459031766082995,356.87444974890013,8.626429686381325,355.8744497488982,0.9666876159726837,0.07003895813195914,328.37998277559024,8.580432402316015,327.3799827755906,0.9695643093284954,0.06269157587582744,360.6691053382125,8.65368105832817,359.6691053382106,0.9663175122983776
Data Latih\Keluak (18).jpg,0.060745013152046404,621.3182209645629,9.006950173945828,620.3182209645669,0.9446202358361498,0.05061739288310884,1105.1174282348638,9.194432858231016,1104.1174282348557,0.900653158533476,0.05362563435037998,1079.930548720471,9.17324603870633,1078.9305487204686,0.9043243100830854,0.04828861341007249,1184.4545229090586,9.222666271076704,1183.454522909042,0.8934890057954737
Data Latih\Keluak (180).jpg,0.08015156093773358,238.63908710629798,8.465101398099751,237.63908710629966,0.9780209330808709,0.06623300958158025,384.76607353214723,8.646964745889337,383.7660735321463,0.9643481865584441,0.07231594333775787,356.7380659448829,8.590981940031448,355.73806594488417,0.9671761018743105,0.06430977565263707,389.7121334242688,8.662286696498386,388.7121334242677,0.9638750366240617
Data Latih\Keluak (181).jpg,0.08307691176049742,245.86238927165212,8.511416110032792,244.8623892716536,0.9783407412683125,0.07016875277544303,320.96013392026913,8.638921524986547,319.9601339202669,0.9715163552161292,0.07990869558473619,274.1759350393659,8.558480870325006,273.17593503936854,0.9759826186576981,0.06874209451842403,355.63078926157715,8.66985131281939,354.6307892615767,0.9684194248077262
Data Latih\Keluak (182).jpg,0.08523104332757958,251.82984744094384,8.432456248796752,250.82984744094574,0.9738798988202312,0.07324886427443833,336.22661045322224,8.542930027455988,335.22661045322127,0.9647740211783561,0.0754038798746253,283.21216781495866,8.504197977759981,282.2121678149616,0.9707548617216822,0.07030789844458918,346.59073718147334,8.578947244706848,345.59073718147386,0.9636655950140047
Data Latih\Keluak (183).jpg,0.05502199377291687,316.7232406496065,8.588095277492625,315.72324064960833,0.962966880557439,0.046699935672028445,425.097712195424,8.707684671730526,424.09771219542694,0.9499662948329111,0.049974985387721695,407.43645423228224,8.671994208530247,406.43645423228213,0.9524846658030655,0.04565155543618594,462.9878479756962,8.740390896324918,461.98784797569834,0.9454859301776584
Data Latih\Keluak (184).jpg,0.062293398512935964,270.6010703740163,8.564456785294917,269.601070374016,0.9709887124318278,0.05319117836427969,387.71417942836166,8.703448705477378,386.71417942836104,0.9582316825292574,0.05535622643497359,363.10211614172897,8.663012759059031,362.10211614173033,0.9611650989220506,0.050468077871906165,392.9716659433342,8.724671830549976,391.97166594333385,0.9576343372959903
Data Latih\Keluak (185).jpg,0.05881040228978636,244.099840059055,8.551493057606281,243.0998400590562,0.9759683967558774,0.05021906255663141,353.1185442370904,8.701434677582666,352.1185442370884,0.9649761384398388,0.05132888244370343,331.848117618109,8.675717241964596,330.8481176181102,0.9674021453066922,0.04723618350492875,382.9886539773099,8.743261060615113,381.9886539773079,0.9619819312666589
Data Latih\Keluak (186).jpg,0.09604067450436181,242.03654035433004,8.332442896142826,241.03654035433166,0.9760303859453654,0.08190002653260355,344.2982825965642,8.471771558718462,343.29828259656307,0.9655920496139977,0.0847176407498796,307.49052657480416,8.44762615054,306.49052657480576,0.9695709279261654,0.07949068226318488,355.40727881455854,8.491828173179265,354.40727881456047,0.964461390021688
Data Latih\Keluak (187).jpg,0.0819655413724904,196.20761564960577,8.45789632556839,195.20761564960637,0.9818607839793654,0.06664741942520945,287.209064418129,8.622583760963344,286.20906441812724,0.9733479658017806,0.07653371520100856,231.1575418307081,8.512000372337232,230.157541830707,0.978703480453276,0.06602939400916769,270.9530659061319,8.622633497915853,269.9530659061326,0.9748377230838685
Data Latih\Keluak (188).jpg,0.047671677374751406,341.19051427165397,8.66532522911119,340.1905142716545,0.9622522991224638,0.03967798821568659,488.3940727881464,8.835135248053145,487.3940727881465,0.945892387982116,0.04322946536512328,455.02878937007785,8.783348923293488,454.02878937007966,0.9498247145632229,0.040399802046959435,508.4576849153707,8.833502603235555,507.4576849153725,0.9437065785297069
Data Latih\Keluak (189).jpg,0.10434264966544772,205.64093257873924,8.292849637915225,204.6409325787409,0.9803276937419269,0.08355066018927902,317.1357802715606,8.465363064737598,316.1357802715619,0.9693386030903866,0.08844396021445072,246.090858759841,8.407099379826692,245.09085875984243,0.9764285465075877,0.08166799023249383,276.92969185938506,8.464153684792453,275.9296918593837,0.9731923387125444
Data Latih\Keluak (19).jpg,0.06820195848720635,319.5961491141707,8.680405098646654,318.596149114171,0.9673811580993459,0.053602630238084446,539.9089218178425,8.871972370444178,538.9089218178491,0.9444300303336416,0.0540198917920204,525.1090674212498,8.872498784402584,524.1090674212531,0.9464580607552198,0.052115107763831325,569.3184326368644,8.902816154161076,568.3184326368647,0.941371603849073
Data Latih\Keluak (190).jpg,0.09335956269632649,176.31483759842402,8.408943142936753,175.31483759842558,0.9859333129090698,0.07738487297915984,277.5018910037834,8.57901076275278,276.5018910037811,0.9776860395764854,0.08661337098064109,235.72920767716425,8.508705181276634,234.72920767716505,0.981226495887166,0.07508116225193956,289.4785789571596,8.6205115056811,288.4785789571561,0.9766997514015348
Data Latih\Keluak (191).jpg,0.09294764634402203,256.2276697834612,8.55803780865564,255.22766978346365,0.9787179011575625,0.07681131513267726,403.9223138446293,8.736540121593865,402.92231384462764,0.9662703210970665,0.09056987498701437,321.0601008858277,8.603558830559914,320.0601008858277,0.97344765591034,0.07807172164632992,361.08456816913827,8.699118582324044,360.0845681691376,0.9698380739683048
Data Latih\Keluak (192).jpg,0.093963821717045,226.13687253936916,8.393571133669294,225.13687253936956,0.977477912452686,0.07756175534658225,319.9590799181618,8.549565737766411,318.95907991815943,0.967987725647834,0.08421153219247401,308.7087844488191,8.503536396893356,307.7087844488193,0.9693561554510218,0.07559606811182513,388.05766011532415,8.598199778216234,387.05766011532114,0.9611805135982904
Data Latih\Keluak (193).jpg,0.08460179920962078,158.31280757873998,8.39480811837921,157.3128075787416,0.9842520714350022,0.06214783029065945,367.54541509083253,8.712481701893594,366.5454150908298,0.9629599314543661,0.06549300452136352,319.9091412401583,8.656929977150455,318.9091412401599,0.9680484648544484,0.06124782328278722,348.6871473742988,8.694744174054412,347.6871473742966,0.9648180329746643
Data Latih\Keluak (194).jpg,0.103087135802847,190.59682578740015,8.46853835398379,189.59682578740103,0.9838511136709674,0.07686008800108173,263.6828073656146,8.650731284564822,262.6828073656148,0.9774503429769903,0.08651043730469812,224.47828494094452,8.55608901824146,223.4782849409452,0.9810311338739749,0.0822702129014882,267.3055986111972,8.642969454309272,266.30559861119684,0.9771296809874459
Data Latih\Keluak (195).jpg,0.10942246884686037,161.6580339566924,8.489001797302771,160.65803395669246,0.9893211014833797,0.0879185975638948,228.40318680637444,8.651061872139412,227.40318680637262,0.9847799000486323,0.09548842535464312,199.19180610236234,8.568174974896232,198.19180610236157,0.9868644060486045,0.08442318825440896,247.30721061442105,8.676613883620043,246.30721061441994,0.9835159716974824
Data Latih\Keluak (196).jpg,0.08907530455504982,189.1229699803149,8.517817758914097,188.12296998031553,0.9834488590833658,0.07673228794296867,255.44454088908103,8.644586811666475,254.44454088908054,0.9774638458978439,0.08826074311122564,229.1123277559057,8.560705407547001,228.11232775590466,0.9799772333853043,0.0736357605767818,284.7627255254522,8.677883235243744,283.76272552545134,0.974866626923105
Data Latih\Keluak (197).jpg,0.12693090992886,167.268700787402,8.428499348583907,166.26870078740123,0.9864022671004906,0.11105682357652136,214.16808233616402,8.530368794519084,213.1680823361642,0.9824877497029015,0.1319429126897928,163.41264763779532,8.41441313260502,162.4126476377953,0.9867483255198612,0.11485554876348748,198.4801909603821,8.518604634657976,197.48019096038067,0.9837718083481416
Data Latih\Keluak (198).jpg,0.28228002928293255,142.2228715551176,7.929838478871903,141.22287155511754,0.9886336018155675,0.25814427597658174,179.78361956723853,8.023931574447094,178.7836195672387,0.985545973013125,0.28002194798442903,147.64480807086545,7.938594311886263,146.64480807086628,0.9882234636595887,0.24251039636080798,187.88765577531245,8.049356779916637,186.88765577531242,0.9848913067791182
Data Latih\Keluak (199).jpg,0.2265331952536302,187.61343503936953,8.116607711433959,186.6134350393704,0.9882793020630427,0.20921634899213346,214.39990079980268,8.196577930368916,213.3999007998001,0.9865575073883243,0.251478073268384,177.37475393700768,8.051323528047531,176.3747539370082,0.9889523772947963,0.2040349237866974,242.19530039060194,8.226566849050837,241.19530039060038,0.9848081202960025
Data Latih\Keluak (2).jpg,0.05758440130124996,365.9319020669282,8.784129922147958,364.9319020669311,0.9634866826675673,0.04755315332382463,739.274970549944,9.011585370908787,738.2749705499465,0.9255753297633921,0.04939189700121633,737.0821850393625,8.984975631275002,736.0821850393659,0.9265784555137474,0.046917268612308126,764.7920515841038,9.015162509750384,763.7920515841066,0.9230667047980126
Data Latih\Keluak (20).jpg,0.07133402999693168,469.96671998031167,8.774335599283061,468.9667199803126,0.9570929235662762,0.05861732319874939,687.8416516833022,8.919621288080853,686.8416516833025,0.9368818256575427,0.062149703461822046,641.3242495078669,8.872822568160233,640.3242495078678,0.9415843221332881,0.05756192955719831,700.884059768115,8.922457050931264,699.8840597681223,0.9356626542326975
Data Latih\Keluak (200).jpg,0.2519422416784606,139.48960383858125,7.946092510982177,138.48960383858196,0.9905905780690818,0.2363821478838598,164.51274102548354,8.015119928881191,163.51274102548157,0.988853134832079,0.2677260640172669,116.73345226377826,7.856467527640624,115.73345226377816,0.9921557323354898,0.22295369136520848,165.00713001426143,8.035135173888658,164.0071300142603,0.9888186761232108
Data Latih\Keluak (201).jpg,0.13118997105921087,214.5332185039366,8.364438125723314,213.53321850393746,0.9834441847148988,0.11916745576877372,266.68286936574134,8.457265239430377,265.68286936573935,0.9792914514158085,0.1271004377333137,239.688914862204,8.366309335428001,238.68891486220414,0.9815419163556319,0.11428607133916757,270.2116064232157,8.46694716832379,269.2116064232115,0.979012690200529
Data Latih\Keluak (202).jpg,0.1608021123756088,223.71622785433078,8.357411107141909,222.7162278543324,0.9840434538976441,0.13648573487179877,302.1793043586117,8.502305623306448,301.17930435860893,0.9783077172319806,0.15466605274003775,278.1900836614146,8.4127966769235,277.1900836614147,0.9801886343983316,0.1357056976615034,321.79366358732995,8.516132062915174,320.79366358732983,0.9768849806145944
Data Latih\Keluak (203).jpg,0.13043795466269112,187.9112327755887,8.361480870434923,186.91123277559026,0.9864966154273171,0.1011351892498068,277.59117118234377,8.534930782929981,276.59117118234315,0.9798966715736215,0.1269128328658127,231.6283218503935,8.390391852121823,230.6283218503947,0.9833712668504355,0.11300602767308643,251.8618017236031,8.474640177440506,250.86180172360187,0.9817562444842385
Data Latih\Keluak (204).jpg,0.13215984879234496,192.74464812992107,8.312704387833755,191.74464812992306,0.9865453410634117,0.1130879494068766,226.43319486638816,8.4272417814898,225.43319486638822,0.9841056426108157,0.13149393779224544,196.20367864173187,8.303739949689225,195.2036786417329,0.98633120697976,0.11434718733987397,235.88790377580835,8.43096551819114,234.88790377580676,0.9834324513711902
Data Latih\Keluak (205).jpg,0.18594875190226906,216.97084153543298,8.170451082633866,215.97084153543327,0.983794234508036,0.1621098817865417,246.430776861554,8.277399392269988,245.43077686155198,0.9815182029479891,0.17876568333699538,218.99618602362278,8.144582864496108,217.9961860236217,0.9836741556188301,0.16218515145176762,261.4816789633594,8.249155095781248,260.48167896335696,0.9803807120867936
Data Latih\Keluak (206).jpg,0.10393059708327547,207.18331692913452,8.486436768349133,206.18331692913452,0.9806701711899325,0.08044514743609954,327.2257424514865,8.68146593392189,326.2257424514848,0.9691898306165446,0.08796134578366649,304.57664862204405,8.623852719264091,303.576648622046,0.9715490400087946,0.08352043661723348,327.2793725587467,8.681759703348549,326.2793725587469,0.969170102541481
Data Latih\Keluak (207).jpg,0.09471245504953983,310.7730068897613,8.816309788373427,309.77300688976294,0.9819202079769777,0.08399364259807834,547.3752247504463,8.979072505591148,546.3752247504528,0.9679583676620916,0.09017724285416501,571.6654158464465,8.910412593203004,570.6654158464501,0.966812391380502,0.08097304606793902,688.325810651617,9.015375895059233,687.3258106516276,0.9596855155658645
Data Latih\Keluak (208).jpg,0.07306508753604277,326.47028789369523,8.908184545749839,325.4702878936992,0.9764272973377828,0.060948785794970366,635.7314774629524,9.117865849377651,634.7314774629572,0.95375289739078,0.06594040898005259,623.7788508858198,9.068388985497931,622.7788508858237,0.9550362408551103,0.06013433503723815,693.0629301258574,9.12728077411598,692.0629301258609,0.9495329184697304
Data Latih\Keluak (209).jpg,0.20012906084164483,182.4055733267716,8.112738376737084,181.40557332677238,0.9875683665155898,0.170045920722307,227.30237460474956,8.25409096665858,226.30237460474783,0.9844392937927158,0.19122020232543419,204.22988435039355,8.143057545402208,203.22988435039537,0.9861042350519181,0.17523058835502564,230.87568975138007,8.241217363634913,229.8756897513787,0.9841895914141496
Data Latih\Keluak (21).jpg,0.06229278358290107,240.20620078740154,8.629389627528019,239.2062007874024,0.9773524053882392,0.04499660248600916,527.3964907929796,8.925880624131521,526.3964907929851,0.9499360345711231,0.04609494845198743,498.6737204724396,8.903416085944642,497.67372047244055,0.9529448653538185,0.04468350743366472,533.2856345712717,8.9262522270506,532.2856345712742,0.9493758143205735
Data Latih\Keluak (210).jpg,0.11681551060888795,159.39819143700873,8.118102149054884,158.39819143700802,0.9846368968762264,0.1020292072825708,184.10434620869185,8.219866770135177,183.10434620869157,0.9821797629271313,0.11374297950056596,162.10974409448966,8.118504070259508,161.1097440944899,0.9843962182940206,0.10167803917993296,189.43077686155337,8.205909854013557,188.4307768615532,0.9816621356009017
Data Latih\Keluak (211).jpg,0.1407731093050981,124.83913631889676,8.128001074472655,123.83913631889642,0.9900208644463055,0.11574944955351105,152.2690805381618,8.266298933104062,151.2690805381607,0.9877679873308548,0.13937739508774216,132.58550688976376,8.098445976631576,131.5855068897634,0.9894150526590103,0.12413609166007741,154.01302002604012,8.223794808073036,153.01302002604024,0.9876245633468147
Data Latih\Keluak (212).jpg,0.14823210188409947,205.8403051181096,8.359490340994142,204.84030511810957,0.985152579963205,0.12183488338675677,282.09932419865237,8.499873310308885,281.09932419864674,0.9795348157622625,0.14084465693343376,238.14991387795436,8.341712272131655,237.14991387795428,0.9828517718317477,0.1243416542258849,265.8966457932917,8.470118276355487,264.8966457932907,0.9807069840820729
Data Latih\Keluak (213).jpg,0.21531673178096072,98.92691929133701,7.946487387042892,97.92691929133785,0.9928555825608888,0.18837282525441848,143.1692603385212,8.075871002832875,142.16926033852047,0.9895924341510159,0.22380562876347976,103.72317913385693,7.882788954317687,102.72317913385804,0.9925208837441301,0.19812127515614805,132.44962489925143,8.046636944017122,131.44962489925015,0.9903741918609481
Data Latih\Keluak (214).jpg,0.12303680338563176,164.3785063976372,8.344646559191563,163.37850639763832,0.9885328215598361,0.09956958329191085,215.98313596627085,8.485762111742662,214.98313596627068,0.9848386665725698,0.12438494658476805,184.1335506889765,8.314135756652618,183.13355068897678,0.9871718266654791,0.1089497842087058,213.20187240374426,8.435373279468168,212.20187240374338,0.9850259339584577
Data Latih\Keluak (215).jpg,0.10328424465488219,107.18436269684965,8.247284742228771,106.18436269684953,0.9906549599837887,0.08330065888256653,144.9435798871609,8.398069481392971,143.94357988715984,0.9872657320876878,0.09686384118902508,124.19537401574708,8.309061331679885,123.19537401574716,0.989176610131156,0.08553241732957508,149.99051398102827,8.407718494923145,148.9905139810277,0.9868167594003635
Data Latih\Keluak (216).jpg,0.13715992568718358,168.45177165354332,8.37105251373765,167.4517716535445,0.9876391934172378,0.10669219782244915,232.00396800793513,8.50934512492517,231.0039680079347,0.9828783444856856,0.13306717012607533,197.77300688976342,8.359842347955256,196.77300688976345,0.9855063820792693,0.11464979591880733,228.95628991257928,8.502709552621278,227.95628991257885,0.9830989006845994
Data Latih\Keluak (217).jpg,0.10205078881850872,168.32929379921296,8.407282737012883,167.3292937992142,0.9863914813329889,0.08150468492648763,220.97290594581108,8.55220800748267,219.97290594581116,0.9820371057112429,0.10303701991697485,194.84325787401622,8.392285166841413,193.8432578740172,0.9842658381574415,0.0881768039189764,224.63556327112516,8.531792076961978,223.63556327112593,0.9817338930446166
Data Latih\Keluak (218).jpg,0.12094299554732357,74.74772391732273,7.89803787525523,73.74772391732293,0.9905821289342656,0.0895143578995366,142.83396366792843,8.17903290704919,141.8339636679283,0.9817570655039111,0.09817998719221396,119.85131643700709,8.116886330945688,118.85131643700798,0.9848186372425878,0.08677379404529731,135.64777729555666,8.199672467765321,134.64777729555487,0.9826758610314859
Data Latih\Keluak (219).jpg,0.11791463158160073,150.811208169292,8.141060387251093,149.8112081692917,0.983817485553923,0.0940123248591512,199.24911649823358,8.282140180638455,198.24911649823204,0.9784855969057064,0.1122131196290994,175.48332923228418,8.149076396393905,174.4833292322846,0.9811825758296436,0.09670745052966827,203.15053630107184,8.27433974856958,202.15053630107226,0.9780565734795076
Data Latih\Keluak (22).jpg,0.06500632965918707,299.67568897637835,8.69307401049224,298.6756889763791,0.9726738850314158,0.049086730946379144,580.9739599479192,8.934698887044995,579.9739599479233,0.9467062205918347,0.05107929069607152,540.4537401574726,8.909828215141689,539.4537401574771,0.9507916605126743,0.04875504046974945,583.4980469960933,8.932632891775048,582.4980469960957,0.9464737566552235
Data Latih\Keluak (220).jpg,0.14967368801942263,119.87229330708593,7.975395535162522,118.87229330708612,0.9890382481116243,0.11957424869661583,153.3940107880224,8.109346042443487,152.39401078802055,0.9859038558824473,0.14950491326766147,122.4608759842512,7.927998373448808,121.46087598425173,0.9888229557407803,0.13142803891171376,148.47950895901835,8.06791519361023,147.47950895901744,0.9863537898943241
Data Latih\Keluak (221).jpg,0.09968158864436343,84.24735482283428,8.010780616784235,83.24735482283437,0.9881778488865609,0.0779494858020773,135.29580259160664,8.267847825326601,134.2958025916058,0.9808178186678992,0.08567030610515568,103.51556348425139,8.179815974244054,102.51556348425115,0.9854422667355488,0.08208125263710703,126.87568975138181,8.225184967224145,125.87568975137931,0.9820129302821711
Data Latih\Keluak (222).jpg,0.12139982263449968,202.46653543307127,8.420580040674198,201.4665354330723,0.9846944219710528,0.09767287883459749,292.7905015810078,8.592058190298232,291.79050158100506,0.9777153358526536,0.10360699230890802,268.17950295275546,8.548398913477387,267.1795029527562,0.9797391360930254,0.09402155626132014,302.9754479508985,8.627529951540199,301.9754479508988,0.9769333633952578
Data Latih\Keluak (223).jpg,0.11181883569818327,283.0873523622026,8.482077919246429,282.08735236220355,0.9771696279509385,0.10261606734360548,343.2429784859591,8.579330027400967,342.2429784859572,0.9721423670825726,0.11384477602920148,321.0636687992101,8.522175827009255,320.06366879921336,0.9740408467292219,0.09775085084272692,365.4758509517036,8.60876025501084,364.4758509517043,0.970351934522567
Data Latih\Keluak (224).jpg,0.19187199263089905,147.93965305118218,8.128407812253503,146.93965305118243,0.9900209724267353,0.17114348321315598,263.1169942339905,8.314042578049282,262.1169942339868,0.9821277760994135,0.18023792517282777,244.26525590551077,8.254774524747564,243.26525590551145,0.983509179563635,0.15887895995511667,272.008618017238,8.36374806374054,271.0086180172376,0.9815328205310173
Data Latih\Keluak (225).jpg,0.14105252044816674,147.91935285433016,8.209290783225413,146.919352854331,0.987968267127719,0.11315577513701805,268.6380432760865,8.44005568729586,267.6380432760854,0.9779944952256646,0.12292727387062694,246.27768208661408,8.38691206176331,245.27768208661342,0.979944161120658,0.11529361083447685,273.2198524397056,8.448697617194407,272.21985243970425,0.9776154653627724
Data Latih\Keluak (226).jpg,0.311523195311616,200.23825049212533,7.996729361079412,199.23825049212584,0.9884405081236579,0.3045924593925929,274.45005890012004,8.075383388912032,273.4500589001175,0.9840989430085648,0.33979682607770895,248.0252214566921,7.960808331873754,247.02522145669147,0.9856875845079999,0.2849615956532544,271.3520987041991,8.111182006909688,270.35209870419646,0.9842823869795941
Data Latih\Keluak (227).jpg,0.1818939120052941,271.34436515747865,8.294910249853928,270.34436515747956,0.981943943450957,0.15634617281992522,320.3346766693544,8.404999758017809,319.33467666935235,0.9786045497203788,0.17210244857480275,231.6811023622052,8.289805348406405,230.6811023622049,0.9845847892720382,0.16061547275904248,303.03527807055707,8.393052570278645,302.0352780705548,0.9797628741511867
Data Latih\Keluak (228).jpg,0.394103462767105,212.7822957677155,7.825600248754919,211.78229576771747,0.987549236366397,0.3899657498614284,267.97377394754983,7.8966512014814185,266.97377394754733,0.9842483877773999,0.43456524168836175,251.90981791338606,7.790932746185336,250.90981791338638,0.985253624915083,0.35660142620420987,312.6294252588532,7.9710237853652,311.6294252588477,0.9816297699448282
Data Latih\Keluak (229).jpg,0.2329847198757446,275.70884596456585,8.169394135298798,274.7088459645676,0.9797866572788739,0.19995479360964724,317.79756959513895,8.25040821910621,316.7975695951377,0.97660526264165,0.22768134794068845,203.03118848425157,8.075210115709183,202.03118848425203,0.9851343320280028,0.21122950597246012,312.67716535433016,8.236347289274073,311.6771653543306,0.9769659132661966
Data Latih\Keluak (23).jpg,0.07830837036411283,309.77712844488224,8.646545316409163,308.77712844488497,0.9708159977548938,0.05274035608420103,615.5268770537521,8.94040164649559,614.5268770537597,0.9412403945479036,0.05561493996476279,550.3193282480266,8.900628522783732,549.3193282480296,0.9481017056485087,0.05334978243793298,602.72676545353,8.927418748346309,601.7267654535385,0.9424290660385639
Data Latih\Keluak (230).jpg,0.3476466987111183,241.23720472440823,7.919293622374544,240.2372047244091,0.9857383906205895,0.33281277548972216,291.9228718457476,7.990537124964481,290.9228718457428,0.9826846709070317,0.3853461723032491,261.526697834646,7.864390876648535,260.5266978346471,0.9845462812442318,0.3134842589357512,316.67592535185076,8.029049072106044,315.67592535184866,0.9812206935477298
Data Latih\Keluak (231).jpg,0.33614469182038303,215.80782480314758,7.971966076272213,214.80782480314923,0.9878425919182406,0.331649099779024,283.9291338582689,8.03186564995497,282.9291338582667,0.9839436632134679,0.4024751975283389,248.74883120078738,7.909302610743324,247.74883120078755,0.9859875968777038,0.31125103207476373,297.7390414780863,8.087266270828335,296.739041478083,0.9831651185056732
Data Latih\Keluak (232).jpg,0.30019507182545435,249.09141240157345,8.020908443753399,248.09141240157493,0.9838013230691749,0.2933058305817056,309.3246326492672,8.094681525291882,308.3246326492655,0.9798097056970362,0.3272278675902767,263.76002706692765,7.990585429650278,262.7600270669296,0.9828697444665865,0.2673729496500617,316.41533883067785,8.147125441771125,315.4153388306767,0.9793641857786027
Data Latih\Keluak (233).jpg,0.08936858474332135,266.13195127952633,8.499456780704685,265.1319512795273,0.9819283885928429,0.08580488498315142,331.75410750821766,8.569172342739883,330.75410750821527,0.9774492516419175,0.10271823998259068,271.94611220472416,8.436747598555986,270.94611220472376,0.9815870026057684,0.08117837030522052,317.8719077438159,8.580068554938414,316.87190774381713,0.9783922119587838
Data Latih\Keluak (234).jpg,0.1421619268408033,267.1954970472422,8.336581055046517,266.19549704724255,0.9822762318565258,0.13486356038366837,310.82770165540404,8.387669365023585,309.8277016554037,0.979345324908595,0.16706717306220387,256.2381889763793,8.210351466556704,255.23818897637838,0.9830565148217538,0.13234677588457414,302.7663835327695,8.405053884828249,301.76638353276786,0.9798785156009099
Data Latih\Keluak (235).jpg,0.10113261632781174,156.32332677165346,8.246063892631087,155.32332677165428,0.9880271293051762,0.0923366128463068,221.2266104532195,8.361534261741676,220.22661045322107,0.9829868920108494,0.09993849711833624,192.41129429133989,8.293470203955208,191.4112942913401,0.9852546378561252,0.0880293167371124,224.22506045012165,8.399004325534873,223.22506045012136,0.98275984837757
Data Latih\Keluak (236).jpg,0.09954686211857582,270.86306594487974,8.482253047157835,269.8630659448807,0.979818657323251,0.09150954218582483,337.7317254634531,8.576123293846033,336.7317254634519,0.9747532190278416,0.1040940342378742,297.1985728346429,8.488570384217992,296.19857283464427,0.9778666333283416,0.08883635815511638,333.97879595759355,8.578956891520598,332.97879595759326,0.9750465798474227
Data Latih\Keluak (237).jpg,0.0920964085574041,318.2753444881873,8.579142217933402,317.275344488189,0.9722492050754006,0.08401356997383408,380.7750635501267,8.646494136067279,379.7750635501274,0.9666456526614393,0.09512720197250579,348.0709276574784,8.566229986489306,347.0709276574802,0.9697249129022864,0.08054161684601617,395.2445284890561,8.684190715789892,394.2445284890584,0.9654052192720263
Data Latih\Keluak (238).jpg,0.08887504347338783,220.4816683070867,8.350102404356846,219.4816683070867,0.9810055145427824,0.07775123647497945,285.62458924918104,8.467559549961074,284.62458924918,0.9752905435009492,0.09445396667969935,245.71911909448932,8.33248098164312,244.7191190944895,0.9788538765394292,0.07862747978007147,263.63804327608733,8.442355335927262,262.638043276086,0.9771838301711678
Data Latih\Keluak (239).jpg,0.23005464828080058,140.88564222440849,7.829416430314321,139.88564222440925,0.9910307683045242,0.2191581048170095,189.246822493645,7.890585552093041,188.2468224936445,0.9878862182669821,0.2534431827898211,122.12881397637715,7.713576359483738,121.12881397637749,0.9922356197309502,0.2100643387840632,169.22468844937708,7.916740754837662,168.2246884493768,0.9891720438695836
Data Latih\Keluak (24).jpg,0.069776931545599,512.0847071850384,8.936775543767489,511.084707185042,0.959834845851539,0.04774988234310556,931.3748527496978,9.175770766080563,930.3748527497046,0.9265963831765218,0.05096783692069808,920.1230930118072,9.142563112948848,919.1230930118129,0.9280418383542747,0.04762400237169504,943.8901977803905,9.177820351966773,942.8901977803995,0.9255863624181515
Data Latih\Keluak (240).jpg,0.09572820659377711,136.6234621062991,8.215137520986053,135.62346210629968,0.9878609948039023,0.07763034411342636,243.44082088164294,8.427156261570222,242.44082088164063,0.9781341650809686,0.08635280698357388,217.21887303149603,8.336303009556822,216.2188730314965,0.9806368843423865,0.07877898203602825,224.3259346518699,8.402924901426099,223.3259346518687,0.9798718563098592
Data Latih\Keluak (25).jpg,0.05800099490781921,445.45570866141475,8.944878804541977,444.45570866141827,0.9652125782094441,0.04805155682553328,859.2750325500639,9.126630465166027,858.2750325500688,0.9324991253592216,0.049136929816423466,817.7495078740097,9.116726933519177,816.7495078740153,0.936213311064133,0.04755615165596833,856.0085560171065,9.142113388265553,855.0085560171157,0.9326815235887584
Data Latih\Keluak (26).jpg,0.0741478797405738,620.3688484251886,8.961312100905822,619.3688484251925,0.9531483003517144,0.05528219972033391,1047.4757269514596,9.149800689687495,1046.475726951456,0.9205059090673172,0.05790520199168038,1008.2856176180999,9.121229380474706,1007.2856176181044,0.9240224686487895,0.055224593306164145,1065.3152086304142,9.161576004975835,1064.3152086304085,0.919089847555997
Data Latih\Keluak (27).jpg,0.04122170048502395,481.5859374999973,9.031804250018784,480.5859374999995,0.957531876171657,0.03280496175920086,949.7994915989817,9.24494627985836,948.799491598989,0.9158713030435791,0.03467482948108252,896.6195866141696,9.205544775926219,895.6195866141725,0.9213643390610612,0.03282662278592918,909.684791369577,9.24092180594855,908.6847913695821,0.9193581507592554
Data Latih\Keluak (28).jpg,0.04149323484152332,499.08765994094045,9.041527118510084,498.087659940944,0.9565204026172156,0.03273349766937782,973.0726641453283,9.246948199493936,972.0726641453274,0.9147799243061014,0.034766963088232766,918.0637918307043,9.207843039791433,917.0637918307115,0.9203579858166521,0.032532394160939046,935.9529419058834,9.250809938558488,934.9529419058804,0.9179722779294365
Data Latih\Keluak (29).jpg,0.03918251928258316,493.9088951771605,9.057480587631424,492.9088951771641,0.9563309509882497,0.031217863910780207,980.706863413727,9.263509415180952,979.7068634137358,0.9129112841729206,0.03330125654354006,938.2322219488055,9.22699087720841,937.2322219488126,0.9175050492719257,0.031332461697225596,956.7893235786437,9.265055349332425,955.7893235786514,0.9149830893770108
Data Latih\Keluak (3).jpg,0.1361086822512716,611.5330339566867,8.817294836110861,610.533033956691,0.9557131155337469,0.10251235580941401,878.9761299522492,8.995250322006873,877.9761299522603,0.9360091214751166,0.12347014012845271,790.2603961614095,8.906873288971324,789.2603961614167,0.9430193023061326,0.10429740122940699,808.3485026969997,8.97467288261026,807.3485026970079,0.9411553874303357
Data Latih\Keluak (30).jpg,0.04164000454424297,497.4928641732262,9.04440356084745,496.4928641732291,0.9562623757112428,0.032321574903605425,988.5595511190958,9.257989737986456,987.5595511191002,0.9126853839960901,0.03400957314570368,936.2680241141612,9.222628787007235,935.268024114168,0.9180878875468667,0.03225231343460603,956.1494202988379,9.25305116474176,955.1494202988415,0.9154777190192225
Data Latih\Keluak (31).jpg,0.04071614442015431,481.93645423227946,9.031913301371594,480.93645423228213,0.9573433273492491,0.03218665572992331,948.1825283650562,9.242861620617226,947.1825283650604,0.9156967927848015,0.03437201503266599,915.4420521653435,9.209484460623703,914.4420521653494,0.9194029571467683,0.03156789226294794,936.6834273668436,9.252921612345588,935.683427366854,0.9166731246913479
Data Latih\Keluak (32).jpg,0.04849795087734667,540.4262426181012,9.01778303001315,539.4262426181036,0.9511085783151088,0.03722192762723408,910.9972719945393,9.218892719091386,909.997271994546,0.9172052757157398,0.0416965857121867,898.3355684055056,9.160183933128302,897.3355684055099,0.9191259724246422,0.0374527645946065,954.8108376216686,9.233274511236832,953.810837621678,0.9132262135420314
Data Latih\Keluak (33).jpg,0.07257199847567788,881.739972933073,9.151176054841702,880.7399729330801,0.9386212659783998,0.060670298413985836,1778.838613677254,9.329637707459003,1777.8386136771899,0.8759930910269768,0.06554730382353469,1722.3377829724632,9.296088321174082,1721.3377829724448,0.8809238448119973,0.05846420069154184,1765.9913819828027,9.329188890897665,1764.9913819827245,0.8767882657344506
Data Latih\Keluak (34).jpg,0.04628451542006227,758.6377952755896,9.228490037386793,757.6377952755946,0.9375262873990969,0.03567018511114536,1604.719077438164,9.464767324674233,1603.7190774381245,0.8673589871045057,0.03846399861942327,1758.780388779549,9.448359227801758,1757.7803887795217,0.8561308619686673,0.036040235017482276,1913.8598177196698,9.480920452814372,1912.859817719598,0.8421089746009376
Data Latih\Keluak (35).jpg,0.10068290351572416,309.864665354329,8.559816282514278,308.8646653543311,0.9743652627457744,0.07484828026757855,738.8270196540384,8.871745089932794,737.8270196540384,0.9383902777331707,0.0846447478409481,613.8394438976318,8.79163466206669,612.8394438976372,0.9494659658920539,0.07513710805094298,681.8862297724572,8.845618455904653,680.88622977246,0.9431160800254128
Data Latih\Keluak (36).jpg,0.05595809952550261,472.93817667323,8.922337206025375,471.938176673231,0.9567291969753371,0.03948614109579293,974.156488312976,9.190043836166138,973.1564883129761,0.9102511943353433,0.04142146773021248,1001.5271899606194,9.177102869163143,1000.5271899606255,0.9087339198903895,0.039111418788996176,1111.3043586087163,9.211009533526305,1110.3043586087124,0.8976496994741383
Data Latih\Keluak (37).jpg,0.09033072192067407,456.63847194881566,8.799080828806318,455.6384719488184,0.9643183788822042,0.06651349777316247,809.9584599169199,9.016369834295572,808.9584599169217,0.9361305042923126,0.06834730344230092,785.9224901574702,8.995336346936092,784.9224901574748,0.9385591229248278,0.06481299378329777,821.8960257920488,9.022887265405679,820.8960257920534,0.935119344389579
Data Latih\Keluak (38).jpg,0.07653648522569007,747.4426058070758,8.984135840871946,746.4426058070796,0.9403531195822044,0.058175747698377224,1292.0918841837793,9.176902512034996,1291.0918841837479,0.8961385378641109,0.0614070340074593,1220.2346210630014,9.14441832251224,1219.2346210629994,0.9027185990762596,0.05721460931379617,1225.0975881951852,9.165592428925306,1224.0975881951547,0.9014907696799795
Data Latih\Keluak (39).jpg,0.07700674239168534,836.9902189960587,9.061609221929535,835.9902189960643,0.9388818369859213,0.058014264456164845,1217.8635377270837,9.219557661374013,1216.8635377270593,0.9103159962641642,0.06269353468834332,1239.812992125981,9.192541753872069,1238.8129921259886,0.9096917258941513,0.05690929839243576,1309.4519189038408,9.244371145945184,1308.4519189038201,0.9035353940928414
Data Latih\Keluak (4).jpg,0.06343744914047748,301.0565944881873,8.72208643615788,300.05659448819034,0.9714333100129895,0.04958410809578783,494.19492838985906,8.941763583646896,493.1949283898589,0.9527153934021083,0.054787523637231765,397.4173228346408,8.863274779688576,396.4173228346438,0.9624509408748281,0.04913894036305705,454.68429536859185,8.913726264767746,453.6842953685907,0.9565160447973705
Data Latih\Keluak (40).jpg,0.06339944454740289,406.5478592519677,8.902407332745824,405.54785925197115,0.9708315837211129,0.048432160476116676,681.9931179862364,9.103136270880306,680.9931179862391,0.9507030711765967,0.05204797640997492,603.1435162401508,9.05151736485037,602.1435162401569,0.9568049179015975,0.047537258320583704,665.4233368466762,9.105356218569653,664.4233368466768,0.951897397343964
Data Latih\Keluak (41).jpg,0.04527537485212749,1274.3516240157396,9.279276504464862,1273.3516240157526,0.9125631967044543,0.036930528198527456,1767.4405728811796,9.414586312608268,1766.4405728811196,0.8782144471159258,0.03937230005768392,1742.2587967519842,9.371149589724766,1741.25879675196,0.8809504052127856,0.03589562315891436,1847.2206584413468,9.423183538863087,1846.220658441283,0.8727315243277946
Data Latih\Keluak (42).jpg,0.06260945761598286,477.7904773622021,8.92037427480552,476.79047736220616,0.9613953011013403,0.047507365335001266,746.9610019220045,9.106052952743374,745.9610019220129,0.939252633328892,0.05273435797084423,705.5215305117982,9.037873319880587,704.5215305118041,0.943167298311978,0.04700648628756292,779.897823795652,9.105942050480023,778.8978237956554,0.9365783830516334
Data Latih\Keluak (43).jpg,0.051360151182174255,890.6305979330639,9.147034611626388,889.63059793307,0.9298971962656439,0.04106327910148892,1533.7001054002305,9.309438483535272,1532.7001054001892,0.8793126042421492,0.046537692684700926,1495.9673351377915,9.262591604403408,1494.9673351377924,0.8832825595354981,0.041741659403031935,1607.9356438713146,9.311352352417744,1606.9356438712653,0.8735286292324175
Data Latih\Keluak (44).jpg,0.10543932415936891,1034.9954478346392,8.874666574581234,1033.9954478346494,0.9319202779529749,0.08760803571643497,1781.2259904520047,9.036621230615346,1780.225990451954,0.882615884982465,0.09979458447639382,1771.6305979330803,8.972806503561173,1770.6305979330834,0.8838834361831993,0.09071769808311181,1820.8718457437242,9.021186869055185,1819.871845743669,0.8799214418239008
Data Latih\Keluak (45).jpg,0.0519105271603404,1382.7089689960649,9.229298495897199,1381.708968996065,0.9144451048598972,0.040563587854809714,2329.9650319300695,9.41007027567052,2328.965031930023,0.8553901434547081,0.042203844661080674,2353.859251968567,9.379725514688083,2352.8592519684585,0.8550587838643514,0.03890863160298874,2374.466240932484,9.420126952828992,2373.4662409324615,0.8526765101349089
Data Latih\Keluak (46).jpg,0.044626995991796474,614.072527066925,9.094217322771163,613.0725270669294,0.9499535221921762,0.03398747698981616,1208.1226982454016,9.304869307241432,1207.1226982453852,0.9011383869266074,0.035724922523636515,1186.3710629921204,9.283496615639367,1185.371062992115,0.9037118101320544,0.033327036708070475,1196.2125364250758,9.311026187610587,1195.2125364250508,0.902135388041029
Data Latih\Keluak (47).jpg,0.04831293060972709,577.2338213582641,9.085706997177697,576.2338213582697,0.9604555231743999,0.03810664314240883,1135.3077686155452,9.297581363027325,1134.3077686155268,0.9216743455422025,0.04147699310989304,1107.4364542322726,9.244194521588991,1106.4364542322878,0.9242572431252217,0.03774196524760661,1140.1101122202317,9.291779232225919,1139.110112220211,0.921292188903491
Data Latih\Keluak (48).jpg,0.05546595462062002,695.16683070866,9.023664704707329,694.1668307086641,0.9470755737027289,0.04750670800858406,821.984375968751,9.118486686393803,820.9843759687573,0.9371084569512389,0.052292800081056544,856.4621062992093,9.072874107518821,855.4621062992168,0.9351075798146418,0.0461836363566,993.3022506044954,9.150192540767177,992.3022506044974,0.9239849118367284
Data Latih\Keluak (49).jpg,0.03807146487540223,1724.324557086623,9.418286045817899,1723.3245570866202,0.8814891611086171,0.032319798969762635,2131.963543927105,9.511594294457478,2130.96354392705,0.8523938718279412,0.03375455109024535,2248.939530019774,9.494011531508752,2247.939530019639,0.845673380145152,0.03150141001817307,2404.7374914750103,9.542349142400017,2403.7374914749544,0.8336047922558136
Data Latih\Keluak (5).jpg,0.08002337537834808,535.9353469488169,8.842553657947422,534.9353469488166,0.9552693979139698,0.06297923315613829,854.1843263686509,8.999034236715065,853.1843263686569,0.9281411355665915,0.06977720400712105,807.8001353346284,8.925425075853383,806.8001353346328,0.932848446760527,0.060952122399685664,855.4952569905059,9.006851857057278,854.4952569905125,0.9280498052025749
Data Latih\Keluak (50).jpg,0.05907598411843319,1234.6527436023603,9.24610132299812,1233.65274360238,0.9191388615393115,0.0482534483585206,2049.824849649736,9.387229726394807,2048.8248496496653,0.8652211747137308,0.05081004766474382,2212.4928641733,9.370909197649407,2211.492864173202,0.8558053162515068,0.04969970532746977,2488.2730485461007,9.406318761558419,2487.273048546074,0.8363398072744622
Data Latih\Keluak (51).jpg,0.05684872124101674,1277.641609251981,9.27328012710558,1276.6416092519887,0.9218147168748513,0.04865252250275525,1929.9603199206663,9.39349054109883,1928.960319920609,0.8810203750637465,0.05178760919007285,2082.1936515748484,9.39111805500679,2081.1936515748093,0.8729022566129879,0.0491402242655336,2206.8270816541863,9.40714380127785,2205.8270816541135,0.8638859156071765
Data Latih\Keluak (52).jpg,0.1050323121149013,1086.0230068897642,9.047481611135156,1085.0230068897706,0.9329169782091596,0.08786628243555444,1562.0316820633873,9.184752772871326,1561.0316820633261,0.9028007194528042,0.0963845757642795,1610.2158587598713,9.140635181662693,1609.2158587598453,0.9009070691857318,0.09105317491509131,1741.7734515469267,9.179621230618938,1740.773451546872,0.8915794939711561
Data Latih\Keluak (53).jpg,0.08009115963240876,524.330770177165,8.825576675586374,523.3307701771694,0.962779590362369,0.06487341593850181,723.2993985987931,8.962079078864848,722.2993985987963,0.948144618283217,0.06580031647563307,717.0805241141716,8.954525210496845,716.0805241141768,0.949112618667466,0.06192727798610769,849.1556823113625,9.013532930828298,848.1556823113658,0.9390131825310088
Data Latih\Keluak (54).jpg,0.1078240186870394,541.5907357283469,8.756790786985746,540.59073572835,0.9636267576291049,0.08077904629936393,751.5177630355238,8.910682785071232,750.5177630355251,0.9491387098468302,0.08475707765586642,752.4878198818842,8.885358299644606,751.4878198818888,0.9495537851677894,0.07616970476048199,870.8443796887585,8.964704051667598,869.844379688759,0.9409647816811765
Data Latih\Keluak (55).jpg,0.12399740229097046,659.0601624015635,8.803575180711102,658.0601624015695,0.9566192238122936,0.09989844072857812,972.7870295740591,8.958355427651211,971.7870295740602,0.9354846339138907,0.1050129219392337,992.1545890747948,8.931916194437163,991.154589074803,0.9347095725418122,0.09421381853436195,1048.4226548453119,8.985903874359105,1047.4226548453057,0.9304250525928587
Data Latih\Keluak (56).jpg,0.1053981673385808,837.0434301180962,8.919920624866407,836.043430118104,0.9377366154031175,0.08825845464863291,1089.606671213339,9.046424228015592,1088.6066712133345,0.9182190818079097,0.09082265869542315,1065.2621186023562,9.008069685318924,1064.2621186023687,0.9208650842894545,0.08473881266609244,1089.0030380060746,9.037587967395265,1088.0030380060725,0.9182956791957176
Data Latih\Keluak (57).jpg,0.15281617172076065,453.3232037401532,8.64778988044228,452.3232037401568,0.9711138362440334,0.126532666110498,668.6454212908355,8.796886027622836,667.6454212908405,0.9572328667037557,0.14621707893271466,651.1341043307044,8.696257261115667,650.1341043307083,0.9586701389919184,0.12659234444913553,717.4753549507044,8.785623569629013,716.475354950713,0.9541016572470084
Data Latih\Keluak (58).jpg,0.049578447972452346,437.89093257873634,8.94176430368487,436.89093257874026,0.9661924280170383,0.04204821001828037,716.706615413227,9.093562058979023,715.7066154132335,0.9443354524196502,0.04608341424902227,694.896530511803,9.038421417686592,693.8965305118088,0.9464781744314317,0.04335781800675683,718.0880401760759,9.072015393796319,717.0880401760834,0.9442208130970001
Data Latih\Keluak (59).jpg,0.05117260307728291,448.1987573818856,8.92581165891352,447.1987573818909,0.9654638731618657,0.042178032027573226,713.4013888027738,9.092644013796622,712.4013888027811,0.9447063968438133,0.045844851515984185,687.2336983267625,9.034618033295141,686.2336983267656,0.9471676318731741,0.043526814376678186,712.9539339078655,9.068636605130374,711.9539339078731,0.9447303233342675
Data Latih\Keluak (6).jpg,0.07506284324042513,640.1719980314915,8.932705701194422,639.1719980314974,0.943996050564553,0.06131516274423429,1091.471324942656,9.116760720877412,1090.4713249426416,0.9039686659745242,0.06457768530734563,1039.9041584645543,9.080590546762261,1038.9041584645622,0.909229161483566,0.06128060120188663,1058.7981895963853,9.096130931092755,1057.798189596374,0.9068569316547204
Data Latih\Keluak (60).jpg,0.052916980955675604,435.84282726377756,8.921433821561681,434.842827263781,0.9668120856233386,0.04422648667941139,720.4791369582692,9.075331855409656,719.4791369582803,0.9448267141454437,0.047625551915785894,700.1727362204632,9.028326880890948,699.1727362204703,0.9468102580842686,0.04537484206681766,725.5208630417246,9.059645371441439,724.5208630417301,0.9444347764353659
Data Latih\Keluak (61).jpg,0.05012836417240372,455.36232775589747,8.946217103423772,454.36232775590184,0.9646479147232339,0.042613778078573916,728.1524583049185,9.087993136123961,727.1524583049232,0.9431361013330005,0.0456107787212003,709.1189714566857,9.043889138823307,708.1189714566921,0.9450682907097774,0.043082340488795993,732.3038626077225,9.080403341754899,731.3038626077278,0.9427983223107888
Data Latih\Keluak (62).jpg,0.05079323452067472,416.3646038385794,8.920562623178848,415.36460383858304,0.9675448409679474,0.04191292181909153,701.1888523777006,9.089058391514097,700.1888523777103,0.9450092129662631,0.04527669553350311,679.221087598413,9.033431771343711,678.2210875984191,0.9471516645192061,0.04314691418108458,704.292578585157,9.060979490204847,703.2925785851629,0.9447613858256854
Data Latih\Keluak (63).jpg,0.05228375398125284,425.8840428149557,8.915831234426252,424.8840428149596,0.9671443719571536,0.04351148636534396,715.8981337962583,9.0789807207045,714.8981337962717,0.9444489298217783,0.04635036027845111,693.6889148621992,9.038790393595312,692.688914862203,0.9465758758363778,0.04429827943253172,718.5759811519671,9.066192445530072,717.5759811519684,0.9442411103549558
Data Latih\Keluak (64).jpg,0.04918349802484887,441.83809055117746,8.945102792488047,440.8380905511803,0.9649006446383152,0.042730805282634336,710.3886167772288,9.083919143560967,709.3886167772388,0.943245019276622,0.04524685343278389,692.9245201771572,9.041585891823681,691.9245201771623,0.9450612510252441,0.04220917239611204,717.70463140926,9.081832143087086,716.7046314092664,0.9426498337388911
Data Latih\Keluak (65).jpg,0.0822761588144405,747.9736097440882,9.087134889835816,746.9736097440936,0.9502114617086489,0.06997929278966224,1371.5408270816754,9.249656156162706,1370.5408270816458,0.9081293281761498,0.0782578855192052,1326.5474286417475,9.198644478507648,1325.5474286417439,0.9121883424307515,0.07028614900512167,1407.886849773714,9.257209358184332,1406.886849773674,0.9056983176808964
Data Latih\Keluak (66).jpg,0.07032312410534766,518.5470595472442,8.885041199542123,517.5470595472481,0.9594452555433223,0.05716912115678489,782.0008060016102,9.02946524886734,781.0008060016154,0.938260200893881,0.06112900409322706,728.2044783464478,8.998237589925601,727.2044783464531,0.9433192354695964,0.05653819714705592,859.0395560791158,9.061512487041728,858.0395560791155,0.9321099001796529
Data Latih\Keluak (67).jpg,0.12259182648139136,563.5119955708659,8.672316426698018,562.5119955708686,0.9598810578555184,0.09675594662610816,941.5998511997055,8.890273060354362,940.599851199709,0.9325416064215285,0.10117646748864109,825.3294168306985,8.854438367541215,824.3294168307048,0.9414862433923286,0.09689594951011951,959.8656457312925,8.890705872225883,958.8656457312965,0.9311891986511953
Data Latih\Keluak (68).jpg,0.03991773577976434,1260.6646161417327,9.262740545695491,1259.6646161417325,0.894021041659407,0.03332473029929225,1693.9192138384562,9.389340668114416,1692.9192138383848,0.8568346968280253,0.036988774843756324,1614.8798597440878,9.325627589847425,1613.8798597440916,0.8646567466710311,0.033233915436012645,1647.4514849029806,9.381496874208503,1646.4514849029404,0.8606969404756942
Data Latih\Keluak (69).jpg,0.06257684549026524,1459.9369463582716,9.218102025182155,1458.936946358267,0.908081260818871,0.05270945212426616,1991.0518941038197,9.317803240453616,1990.0518941037367,0.8741711982849201,0.05652984102566136,2107.0711122047737,9.281284926424311,2106.0711122047055,0.8676840650572598,0.05314525967948557,2115.0803521607277,9.319350239303507,2114.0803521606595,0.866342024240529
Data Latih\Keluak (7).jpg,0.05688937098053838,1378.3831200787513,9.247970216346436,1377.383120078753,0.9087362404538439,0.04832104152468129,2183.355694711414,9.38713660541688,2182.355694711353,0.8551153590249788,0.05084590094683456,2145.794968011853,9.360120158637947,2144.794968011783,0.8586139219061208,0.04780306045272257,2155.511067022168,9.388594252626389,2154.5110670220915,0.8569518959836468
Data Latih\Keluak (70).jpg,0.11145502771895112,469.7346825787368,8.817802301881557,468.7346825787386,0.9640249573814141,0.09168512719738482,717.8921817843566,8.96374154720379,716.892181784363,0.944656985886865,0.09921593305036057,651.0623154527497,8.910307800399085,650.0623154527524,0.9502048609670309,0.09058481431426847,658.5375410750815,8.961576169130717,657.5375410750837,0.9492089712713181
Data Latih\Keluak (71).jpg,0.1765779122371618,819.0720349409445,8.7081769497065,818.0720349409471,0.9460774953079721,0.14421083538647733,1103.4503689007452,8.840117524414278,1102.4503689007242,0.9270847367601311,0.15768087688458937,1095.1012549212533,8.795971240069779,1094.101254921263,0.9281632110714432,0.1409508182027592,1166.4043028086205,8.865237947986282,1165.4043028085941,0.9228846005312114
Data Latih\Keluak (72).jpg,0.19309926510423941,416.3092396653514,8.471098835612302,415.30923966535545,0.9758819685793181,0.16653377072548958,605.0592721185463,8.590190337624467,604.0592721185465,0.9648085028479383,0.1886617606236993,552.966904527557,8.468932993119232,551.9669045275612,0.96804087369777,0.1593529039868344,599.8554777109568,8.596394243178567,598.8554777109623,0.9651056022554501
Data Latih\Keluak (73).jpg,0.09253475934875674,474.48455954724415,8.728927639094849,473.4845595472472,0.963900012103048,0.07349619975318387,665.314588629176,8.89514166799497,664.314588629183,0.9490701033707823,0.08805416054371748,582.8288016732218,8.781294836165488,581.8288016732249,0.9558444855709828,0.07554678975555709,665.9081158162339,8.868305595789106,664.9081158162383,0.948997688881161
Data Latih\Keluak (74).jpg,0.09241144403920888,472.3093626968456,8.722824833038617,471.3093626968496,0.9599451812911982,0.07403802140890031,721.3005766011547,8.859680730460552,720.3005766011544,0.9385338116507538,0.0794074175424681,676.3820127952706,8.804731991023505,675.3820127952762,0.9427904820159035,0.07092830522558671,717.4597929195886,8.889413183771671,716.4597929195915,0.9388358842196337
Data Latih\Keluak (75).jpg,0.06862368155839844,453.5328494094499,8.816062155083054,452.53284940945235,0.9683341550168937,0.04909549530087726,715.1616963233898,9.016798172702044,714.1616963233971,0.9494972193662309,0.05467507272863073,655.486281988175,8.947807974587993,654.48628198818,0.9542785103603304,0.049852228167801375,743.6016492032899,9.011438591768567,742.6016492033015,0.9474658098116296
Data Latih\Keluak (76).jpg,0.0730398564673878,380.9643208661406,8.776953661065948,379.9643208661443,0.9742035967657233,0.052382186107687724,790.6483972967881,9.050269455800361,789.6483972968012,0.9458394183600064,0.05954140509306317,721.5541953740017,8.971769653362568,720.5541953740054,0.9511035027785512,0.0526502773501005,796.4764709529359,9.047880214572139,795.4764709529503,0.9454340446592806
Data Latih\Keluak (77).jpg,0.11375042110359312,271.1292445866112,8.630503917735876,270.12924458661445,0.983031036118048,0.08829755405194054,508.3848347696661,8.849080586489261,507.3848347696658,0.9680131594842358,0.1086385782384049,459.55567175196677,8.757428593415762,458.55567175197,0.9713065468747141,0.09404233316494003,497.9679459358892,8.83438033752364,496.96794593589345,0.9686823225900419
Data Latih\Keluak (78).jpg,0.10665920233160425,358.93147145669406,8.627586415026336,357.9314714566939,0.9764056140278159,0.08579804647961943,449.53363506727106,8.757293769184091,448.53363506727226,0.9703343899780456,0.10785108130227404,453.0906742125925,8.686683405898712,452.0906742125952,0.9703398660230741,0.08849856722570067,585.2358484716981,8.797976872224135,584.2358484716997,0.9613704843293379
Data Latih\Keluak (79).jpg,0.13203001333001071,189.7373277559035,8.323311650808115,188.7373277559055,0.986430745577041,0.08854338844695142,309.53568107136243,8.620011950716412,308.53568107136175,0.9777102452468086,0.10186582531602648,240.84590305117865,8.508324266170696,239.84590305118033,0.982866990591511,0.09182383272858693,316.0355260710532,8.604476837612777,315.0355260710518,0.9772374820432735
Data Latih\Keluak (8).jpg,0.09690563375218365,561.3557455708599,8.894604452092542,560.3557455708659,0.9610247630806587,0.07634923373216679,925.8712877425779,9.089353088749089,924.871287742579,0.9353390763263906,0.07712903975566757,1007.5928272637683,9.092363746267191,1006.5928272637767,0.9301572185736535,0.06949805281592891,1159.7907495815039,9.148862106854994,1158.790749581478,0.918972453439093
Data Latih\Keluak (80).jpg,0.28332845727820044,209.91295521653464,8.144110004924546,208.91295521653677,0.9856479288672029,0.2438028312113873,321.3757827515656,8.335445641037833,320.37578275156534,0.977864098783004,0.27797368094350206,180.48960383858164,8.091903047207186,179.48960383858352,0.9877809511906924,0.25863863941860293,251.68733337466492,8.254438113001829,250.68733337466458,0.9826733959965418
Data Latih\Keluak (81).jpg,0.05786517285855594,469.0626845472401,8.946589422805044,468.0626845472444,0.9641866298519034,0.04023173400546769,950.7323454646904,9.214667486573143,949.7323454646895,0.9266723812693011,0.04352287232331559,857.6703371062861,9.161076420394002,856.6703371062923,0.9346035518084835,0.04166457151690048,874.5601091202142,9.192019793796792,873.5601091202199,0.9324888519648046
Data Latih\Keluak (82).jpg,0.05844898213211443,405.9651820866098,8.899220657469302,404.9651820866124,0.9698853719102167,0.04363617853535117,786.3262446524849,9.150293888996,785.3262446524888,0.9410128226930048,0.04602099218777268,781.8350147637659,9.117592876024514,780.8350147637719,0.9420284445606565,0.041612581209022594,871.904953809905,9.189798380784685,870.9049538099126,0.9345687683725292
Data Latih\Keluak (83).jpg,0.07686151664040027,266.251230314959,8.611861205175861,265.25123031496133,0.9786040163846964,0.05366566440128333,584.7165974331905,8.941061071670507,583.7165974332013,0.9524790134064717,0.05643461573733955,483.74021899606055,8.892740667744983,482.74021899606487,0.9611414442272695,0.05383659815558688,511.3940727881416,8.91670659754486,510.3940727881462,0.9584201185508531
Data Latih\Keluak (84).jpg,0.09703838682787616,317.6892224409467,8.600798651958174,316.6892224409482,0.9776314761077256,0.07184608888295685,608.8492776985526,8.876906298964892,607.8492776985543,0.9567195034982394,0.07771869181350712,595.1701525590489,8.833909699196585,594.1701525590538,0.9581346318035933,0.07166926417562777,711.7279434558843,8.896888404497446,710.7279434558848,0.9494006465774077
Data Latih\Keluak (85).jpg,0.09036622138261721,216.51500984251862,8.581133427169483,215.51500984251933,0.9846749016626216,0.06354735556402015,539.4359228718412,8.928497088700228,538.4359228718465,0.9615518591681781,0.06786841832886756,458.18602362204376,8.89661962449851,457.18602362204706,0.967645625055648,0.0618142966082037,520.8876557753107,8.957995385497457,519.8876557753132,0.9628416115422673
Data Latih\Keluak (86).jpg,0.15096920452929272,270.65028297243975,8.281077426671374,269.65028297244226,0.9847565567692788,0.11148845845571492,469.66023932047574,8.516696326324121,468.66023932047744,0.9734012856264775,0.12599262259408958,365.2973671259823,8.407806994389555,364.2973671259859,0.9794702994288612,0.11620314331443915,467.5877611755234,8.494729892606935,466.58776117552236,0.9735037954678706
Data Latih\Keluak (87).jpg,0.10829766648465579,380.5163631889731,8.654222301971378,379.51636318897636,0.9762620515181195,0.08124662079729188,794.4814929629875,8.938354993417933,793.48149296299,0.950061930941844,0.08710371650391525,725.0729576771581,8.88650238075124,724.0729576771624,0.9547300790457081,0.07836499695453397,825.3382726765481,8.94077931789283,824.3382726765494,0.9481087201707313
Data Latih\Keluak (88).jpg,0.09011199968121832,285.8513164370053,8.754853227474344,284.8513164370071,0.9799510799663065,0.07020715448778941,438.1374542749079,8.93080430172863,437.13745427490664,0.9690959376557994,0.08046710917567709,344.79281496062504,8.842158203101814,343.79281496062856,0.9758511171426284,0.0716589141647599,378.73439146878127,8.90189871718575,377.7343914687816,0.9732888669318347
Data Latih\Keluak (89).jpg,0.07714245470018523,282.65569635826574,8.721680094084267,281.6556963582677,0.9794892761513648,0.062279887594500295,392.96689193378165,8.86579935355237,391.9668919337839,0.9713383370614622,0.07087948099238804,266.9275959645636,8.74663334495151,265.92759596456585,0.9806585527968004,0.0630510662716244,351.31384462768983,8.848752191694956,350.3138446276877,0.9743707251626675
Data Latih\Keluak (9).jpg,0.04445565366934791,527.003813976369,8.937802201524603,526.003813976373,0.9472015376955856,0.03660193407534496,830.8906937813755,9.113992027305652,829.8906937813879,0.9164712645897357,0.03818651741279014,844.0792937992106,9.095566477597732,843.0792937992139,0.9155557058802177,0.03592467622633384,914.542253084503,9.132215825991713,913.5422530845048,0.9080649873574561
Data Latih\Keluak (90).jpg,0.06536381615310623,328.42390501968555,8.759819694000521,327.4239050196858,0.9738626160442766,0.04667207040365374,820.2830925661848,9.107671884782574,819.2830925661881,0.9340561737653099,0.04915407218473202,791.2495078740061,9.08492036249089,790.2495078740108,0.9369327183642696,0.04602885899885844,838.3420546841002,9.114491528655583,837.3420546841106,0.9325657340002234
Data Latih\Keluak (91).jpg,0.06802471093915269,421.5564099409447,8.784623372427744,420.5564099409464,0.9670554524708375,0.05146706827539963,858.8998697997351,9.054187533117355,857.8998697997442,0.9322858668382554,0.05552457735727636,847.397576279519,9.027907785588157,846.3975762795221,0.9337742274713051,0.05118222673604248,953.1737863475669,9.070582954968353,952.1737863475687,0.9248550792079178
Data Latih\Keluak (92).jpg,0.11057181355134399,428.66086368109836,8.682166502517575,427.6608636811027,0.9679709819792213,0.08978165919509092,660.7808295616566,8.865353480973464,659.7808295616614,0.9502563830726533,0.1041880883190978,601.1173720472386,8.780722392761112,600.1173720472424,0.9551858068421383,0.08936821612131819,659.0492900985743,8.852894405401784,658.0492900985815,0.9503868851906272
Data Latih\Keluak (93).jpg,0.08611661693483225,480.58747539369887,8.79975822713502,479.58747539370097,0.9625715067032345,0.06452846745314102,842.7429474858877,9.026943600455446,841.7429474858932,0.9339981847502274,0.07159205102052833,774.3833046259762,8.974894528308516,773.3833046259813,0.939991807834215,0.06400378626240955,845.079794159574,9.04100690816412,844.0797941595865,0.9337843198241401
Data Latih\Keluak (94).jpg,0.07875044479375802,299.51808562992346,8.694330186582764,298.5180856299234,0.9796149328092763,0.05484076068263913,659.7649575299137,9.029568677801164,658.7649575299162,0.9549558371918291,0.06211610933903635,551.3476254921162,8.957381005303738,550.34762549212,0.9626482393180081,0.055239619561998805,598.6374852749705,9.004594983138006,597.6374852749736,0.9591248520805231
Data Latih\Keluak (95).jpg,0.06131439710429632,263.74550935039053,8.756201254992948,262.74550935039315,0.9796330881620458,0.042486446990744026,573.4051088102156,9.083137337833472,572.4051088102221,0.9554008661440364,0.04682197785971131,539.443590059049,9.04292212605824,538.4435900590527,0.9585276186335263,0.0409194283568587,679.9136958273908,9.140750724274966,678.913695827395,0.9470954960059843
Data Latih\Keluak (96).jpg,0.13024520519517208,234.07203494094253,8.430832578301068,233.07203494094475,0.9832222253834597,0.09726832312365755,550.9092318184604,8.76652403459035,549.9092318184648,0.9600971834347781,0.10642590718702415,468.24686269684815,8.716748140807834,467.2468626968504,0.966450904788143,0.09960449656044737,486.0409200818369,8.742209736175912,485.04092008184244,0.9647717225008062
Data Latih\Keluak (97).jpg,0.10066700425186344,280.9988312007847,8.62465421345062,279.99883120078806,0.9805355748227815,0.07405018387334385,575.6307892615722,8.917133036473283,574.6307892615771,0.9597481919840698,0.07902240676238748,598.8205585629911,8.886267975763458,597.8205585629926,0.9585402653466742,0.07081720933732731,751.6215512431042,8.971469202167473,750.6215512431063,0.94745130203424
Data Latih\Keluak (98).jpg,0.14523859028457406,274.8919168307062,8.368974053413403,273.8919168307093,0.9823607103955977,0.10571721906167422,492.8701717403393,8.604715535272698,491.8701717403443,0.9682652824223531,0.11456996821674018,426.97170275590463,8.540901932038008,425.971702755907,0.9727333496473685,0.10566397560355192,524.4451608903197,8.626364780131883,523.4451608903248,0.966217658314901
Data Latih\Keluak (99).jpg,0.09341380334351707,318.108206200786,8.639152802931823,317.1082062007884,0.9746409995952986,0.07657362620723085,546.553909107817,8.843768609807547,545.553909107822,0.9560263239129975,0.08425410051434896,490.75282972440976,8.77847577298971,489.7528297244128,0.9609885699916786,0.0748176934375301,544.8341496682925,8.855202615672466,543.8341496683015,0.9561540409593554
train\grayscale.jpg,0.02800072091010362,604.8740468227423,9.520370241846603,603.8740468227293,0.9461489398723804,0.02469762699056932,707.9263207346611,9.615333499015499,706.9263207346722,0.9370208909223582,0.04249218241535252,195.39267558528965,9.08033208129793,194.39267558527717,0.9826363942456694,0.024263059065827892,741.0526839744349,9.632070851206812,740.0526839744512,0.934086056545458
